This is XeTeX, Version 3.141592653-2.6-0.999996 (TeX Live 2024) (preloaded format=xelatex 2025.2.2)  23 SEP 2026 09:01
entering extended mode
 restricted \write18 enabled.
 %&-line parsing enabled.
**main.tex
(./main.tex
LaTeX2e <2024-11-01> patch level 2
L3 programming layer <2025-01-18>
(/usr/local/texlive/2024/texmf-dist/tex/latex/base/book.cls
Document Class: book 2024/06/29 v1.4n Standard LaTeX document class
(/usr/local/texlive/2024/texmf-dist/tex/latex/base/bk10.clo
File: bk10.clo 2024/06/29 v1.4n Standard LaTeX file (size option)
)
\c@part=\count192
\c@chapter=\count193
\c@section=\count194
\c@subsection=\count195
\c@subsubsection=\count196
\c@paragraph=\count197
\c@subparagraph=\count198
\c@figure=\count199
\c@table=\count266
\abovecaptionskip=\skip49
\belowcaptionskip=\skip50
\bibindent=\dimen141
)
(/usr/local/texlive/2024/texmf-dist/tex/latex/geometry/geometry.sty
Package: geometry 2020/01/02 v5.9 Page Geometry

(/usr/local/texlive/2024/texmf-dist/tex/latex/graphics/keyval.sty
Package: keyval 2022/05/29 v1.15 key=value parser (DPC)
\KV@toks@=\toks17
)
(/usr/local/texlive/2024/texmf-dist/tex/generic/iftex/ifvtex.sty
Package: ifvtex 2019/10/25 v1.7 ifvtex legacy package. Use iftex instead.

(/usr/local/texlive/2024/texmf-dist/tex/generic/iftex/iftex.sty
Package: iftex 2024/12/12 v1.0g TeX engine tests
))
\Gm@cnth=\count267
\Gm@cntv=\count268
\c@Gm@tempcnt=\count269
\Gm@bindingoffset=\dimen142
\Gm@wd@mp=\dimen143
\Gm@odd@mp=\dimen144
\Gm@even@mp=\dimen145
\Gm@layoutwidth=\dimen146
\Gm@layoutheight=\dimen147
\Gm@layouthoffset=\dimen148
\Gm@layoutvoffset=\dimen149
\Gm@dimlist=\toks18
)
(/usr/local/texlive/2024/texmf-dist/tex/latex/base/ifthen.sty
Package: ifthen 2024/03/16 v1.1e Standard LaTeX ifthen package (DPC)
)
(/usr/local/texlive/2024/texmf-dist/tex/latex/etoolbox/etoolbox.sty
Package: etoolbox 2020/10/05 v2.5k e-TeX tools for LaTeX (JAW)
\etb@tempcnta=\count270
)
(/usr/local/texlive/2024/texmf-dist/tex/generic/iftex/ifxetex.sty
Package: ifxetex 2019/10/25 v0.7 ifxetex legacy package. Use iftex instead.
)
(/usr/local/texlive/2024/texmf-dist/tex/generic/iftex/ifluatex.sty
Package: ifluatex 2019/10/25 v1.5 ifluatex legacy package. Use iftex instead.
)
(/usr/local/texlive/2024/texmf-dist/tex/latex/graphics/graphicx.sty
Package: graphicx 2021/09/16 v1.2d Enhanced LaTeX Graphics (DPC,SPQR)

(/usr/local/texlive/2024/texmf-dist/tex/latex/graphics/graphics.sty
Package: graphics 2024/08/06 v1.4g Standard LaTeX Graphics (DPC,SPQR)

(/usr/local/texlive/2024/texmf-dist/tex/latex/graphics/trig.sty
Package: trig 2023/12/02 v1.11 sin cos tan (DPC)
)
(/usr/local/texlive/2024/texmf-dist/tex/latex/graphics-cfg/graphics.cfg
File: graphics.cfg 2016/06/04 v1.11 sample graphics configuration
)
Package graphics Info: Driver file: xetex.def on input line 106.

(/usr/local/texlive/2024/texmf-dist/tex/latex/graphics-def/xetex.def
File: xetex.def 2022/09/22 v5.0n Graphics/color driver for xetex
))
\Gin@req@height=\dimen150
\Gin@req@width=\dimen151
)
(/usr/local/texlive/2024/texmf-dist/tex/latex/xcolor/xcolor.sty
Package: xcolor 2024/09/29 v3.02 LaTeX color extensions (UK)

(/usr/local/texlive/2024/texmf-dist/tex/latex/graphics-cfg/color.cfg
File: color.cfg 2016/01/02 v1.6 sample color configuration
)
Package xcolor Info: Driver file: xetex.def on input line 274.

(/usr/local/texlive/2024/texmf-dist/tex/latex/graphics/mathcolor.ltx)
Package xcolor Info: Model `cmy' substituted by `cmy0' on input line 1349.
Package xcolor Info: Model `RGB' extended on input line 1365.
Package xcolor Info: Model `HTML' substituted by `rgb' on input line 1367.
Package xcolor Info: Model `Hsb' substituted by `hsb' on input line 1368.
Package xcolor Info: Model `tHsb' substituted by `hsb' on input line 1369.
Package xcolor Info: Model `HSB' substituted by `hsb' on input line 1370.
Package xcolor Info: Model `Gray' substituted by `gray' on input line 1371.
Package xcolor Info: Model `wave' substituted by `hsb' on input line 1372.
)
(/usr/local/texlive/2024/texmf-dist/tex/latex/graphics/dvipsnam.def
File: dvipsnam.def 2016/06/17 v3.0m Driver-dependent file (DPC,SPQR)
)
(/usr/local/texlive/2024/texmf-dist/tex/latex/xcolor/svgnam.def
File: svgnam.def 2024/09/29 v3.02 Predefined colors according to SVG 1.1 (UK)
)
(/usr/local/texlive/2024/texmf-dist/tex/latex/colortbl/colortbl.sty
Package: colortbl 2024/07/06 v1.0i Color table columns (DPC)

(/usr/local/texlive/2024/texmf-dist/tex/latex/tools/array.sty
Package: array 2024/10/17 v2.6g Tabular extension package (FMi)
\col@sep=\dimen152
\ar@mcellbox=\box52
\extrarowheight=\dimen153
\NC@list=\toks19
\extratabsurround=\skip51
\backup@length=\skip52
\ar@cellbox=\box53
)
\everycr=\toks20
\minrowclearance=\skip53
\rownum=\count271
)
(/usr/local/texlive/2024/texmf-dist/tex/latex/tcolorbox/tcolorbox.sty
Package: tcolorbox 2024/10/22 version 6.4.1 text color boxes

(/usr/local/texlive/2024/texmf-dist/tex/latex/pgf/frontendlayer/tikz.sty
(/usr/local/texlive/2024/texmf-dist/tex/latex/pgf/basiclayer/pgf.sty
(/usr/local/texlive/2024/texmf-dist/tex/latex/pgf/utilities/pgfrcs.sty
(/usr/local/texlive/2024/texmf-dist/tex/generic/pgf/utilities/pgfutil-common.te
x
\pgfutil@everybye=\toks21
\pgfutil@tempdima=\dimen154
\pgfutil@tempdimb=\dimen155
)
(/usr/local/texlive/2024/texmf-dist/tex/generic/pgf/utilities/pgfutil-latex.def
\pgfutil@abb=\box54
) (/usr/local/texlive/2024/texmf-dist/tex/generic/pgf/utilities/pgfrcs.code.tex
(/usr/local/texlive/2024/texmf-dist/tex/generic/pgf/pgf.revision.tex)
Package: pgfrcs 2023-01-15 v3.1.10 (3.1.10)
))
Package: pgf 2023-01-15 v3.1.10 (3.1.10)

(/usr/local/texlive/2024/texmf-dist/tex/latex/pgf/basiclayer/pgfcore.sty
(/usr/local/texlive/2024/texmf-dist/tex/latex/pgf/systemlayer/pgfsys.sty
(/usr/local/texlive/2024/texmf-dist/tex/generic/pgf/systemlayer/pgfsys.code.tex
Package: pgfsys 2023-01-15 v3.1.10 (3.1.10)
(/usr/local/texlive/2024/texmf-dist/tex/generic/pgf/utilities/pgfkeys.code.tex
\pgfkeys@pathtoks=\toks22
\pgfkeys@temptoks=\toks23

(/usr/local/texlive/2024/texmf-dist/tex/generic/pgf/utilities/pgfkeyslibraryfil
tered.code.tex
\pgfkeys@tmptoks=\toks24
))
\pgf@x=\dimen156
\pgf@y=\dimen157
\pgf@xa=\dimen158
\pgf@ya=\dimen159
\pgf@xb=\dimen160
\pgf@yb=\dimen161
\pgf@xc=\dimen162
\pgf@yc=\dimen163
\pgf@xd=\dimen164
\pgf@yd=\dimen165
\w@pgf@writea=\write3
\r@pgf@reada=\read2
\c@pgf@counta=\count272
\c@pgf@countb=\count273
\c@pgf@countc=\count274
\c@pgf@countd=\count275
\t@pgf@toka=\toks25
\t@pgf@tokb=\toks26
\t@pgf@tokc=\toks27
\pgf@sys@id@count=\count276

(/usr/local/texlive/2024/texmf-dist/tex/generic/pgf/systemlayer/pgf.cfg
File: pgf.cfg 2023-01-15 v3.1.10 (3.1.10)
)
Driver file for pgf: pgfsys-xetex.def

(/usr/local/texlive/2024/texmf-dist/tex/generic/pgf/systemlayer/pgfsys-xetex.de
f
File: pgfsys-xetex.def 2023-01-15 v3.1.10 (3.1.10)

(/usr/local/texlive/2024/texmf-dist/tex/generic/pgf/systemlayer/pgfsys-dvipdfmx
.def
File: pgfsys-dvipdfmx.def 2023-01-15 v3.1.10 (3.1.10)

(/usr/local/texlive/2024/texmf-dist/tex/generic/pgf/systemlayer/pgfsys-common-p
df.def
File: pgfsys-common-pdf.def 2023-01-15 v3.1.10 (3.1.10)
)
\pgfsys@objnum=\count277
)))
(/usr/local/texlive/2024/texmf-dist/tex/generic/pgf/systemlayer/pgfsyssoftpath.
code.tex
File: pgfsyssoftpath.code.tex 2023-01-15 v3.1.10 (3.1.10)
\pgfsyssoftpath@smallbuffer@items=\count278
\pgfsyssoftpath@bigbuffer@items=\count279
)
(/usr/local/texlive/2024/texmf-dist/tex/generic/pgf/systemlayer/pgfsysprotocol.
code.tex
File: pgfsysprotocol.code.tex 2023-01-15 v3.1.10 (3.1.10)
))
(/usr/local/texlive/2024/texmf-dist/tex/generic/pgf/basiclayer/pgfcore.code.tex
Package: pgfcore 2023-01-15 v3.1.10 (3.1.10)
(/usr/local/texlive/2024/texmf-dist/tex/generic/pgf/math/pgfmath.code.tex
(/usr/local/texlive/2024/texmf-dist/tex/generic/pgf/math/pgfmathutil.code.tex)
(/usr/local/texlive/2024/texmf-dist/tex/generic/pgf/math/pgfmathparser.code.tex
\pgfmath@dimen=\dimen166
\pgfmath@count=\count280
\pgfmath@box=\box55
\pgfmath@toks=\toks28
\pgfmath@stack@operand=\toks29
\pgfmath@stack@operation=\toks30
)
(/usr/local/texlive/2024/texmf-dist/tex/generic/pgf/math/pgfmathfunctions.code.
tex)
(/usr/local/texlive/2024/texmf-dist/tex/generic/pgf/math/pgfmathfunctions.basic
.code.tex)
(/usr/local/texlive/2024/texmf-dist/tex/generic/pgf/math/pgfmathfunctions.trigo
nometric.code.tex)
(/usr/local/texlive/2024/texmf-dist/tex/generic/pgf/math/pgfmathfunctions.rando
m.code.tex)
(/usr/local/texlive/2024/texmf-dist/tex/generic/pgf/math/pgfmathfunctions.compa
rison.code.tex)
(/usr/local/texlive/2024/texmf-dist/tex/generic/pgf/math/pgfmathfunctions.base.
code.tex)
(/usr/local/texlive/2024/texmf-dist/tex/generic/pgf/math/pgfmathfunctions.round
.code.tex)
(/usr/local/texlive/2024/texmf-dist/tex/generic/pgf/math/pgfmathfunctions.misc.
code.tex)
(/usr/local/texlive/2024/texmf-dist/tex/generic/pgf/math/pgfmathfunctions.integ
erarithmetics.code.tex)
(/usr/local/texlive/2024/texmf-dist/tex/generic/pgf/math/pgfmathcalc.code.tex)
(/usr/local/texlive/2024/texmf-dist/tex/generic/pgf/math/pgfmathfloat.code.tex
\c@pgfmathroundto@lastzeros=\count281
)) (/usr/local/texlive/2024/texmf-dist/tex/generic/pgf/math/pgfint.code.tex)
(/usr/local/texlive/2024/texmf-dist/tex/generic/pgf/basiclayer/pgfcorepoints.co
de.tex
File: pgfcorepoints.code.tex 2023-01-15 v3.1.10 (3.1.10)
\pgf@picminx=\dimen167
\pgf@picmaxx=\dimen168
\pgf@picminy=\dimen169
\pgf@picmaxy=\dimen170
\pgf@pathminx=\dimen171
\pgf@pathmaxx=\dimen172
\pgf@pathminy=\dimen173
\pgf@pathmaxy=\dimen174
\pgf@xx=\dimen175
\pgf@xy=\dimen176
\pgf@yx=\dimen177
\pgf@yy=\dimen178
\pgf@zx=\dimen179
\pgf@zy=\dimen180
)
(/usr/local/texlive/2024/texmf-dist/tex/generic/pgf/basiclayer/pgfcorepathconst
ruct.code.tex
File: pgfcorepathconstruct.code.tex 2023-01-15 v3.1.10 (3.1.10)
\pgf@path@lastx=\dimen181
\pgf@path@lasty=\dimen182
)
(/usr/local/texlive/2024/texmf-dist/tex/generic/pgf/basiclayer/pgfcorepathusage
.code.tex
File: pgfcorepathusage.code.tex 2023-01-15 v3.1.10 (3.1.10)
\pgf@shorten@end@additional=\dimen183
\pgf@shorten@start@additional=\dimen184
)
(/usr/local/texlive/2024/texmf-dist/tex/generic/pgf/basiclayer/pgfcorescopes.co
de.tex
File: pgfcorescopes.code.tex 2023-01-15 v3.1.10 (3.1.10)
\pgfpic=\box56
\pgf@hbox=\box57
\pgf@layerbox@main=\box58
\pgf@picture@serial@count=\count282
)
(/usr/local/texlive/2024/texmf-dist/tex/generic/pgf/basiclayer/pgfcoregraphicst
ate.code.tex
File: pgfcoregraphicstate.code.tex 2023-01-15 v3.1.10 (3.1.10)
\pgflinewidth=\dimen185
)
(/usr/local/texlive/2024/texmf-dist/tex/generic/pgf/basiclayer/pgfcoretransform
ations.code.tex
File: pgfcoretransformations.code.tex 2023-01-15 v3.1.10 (3.1.10)
\pgf@pt@x=\dimen186
\pgf@pt@y=\dimen187
\pgf@pt@temp=\dimen188
)
(/usr/local/texlive/2024/texmf-dist/tex/generic/pgf/basiclayer/pgfcorequick.cod
e.tex
File: pgfcorequick.code.tex 2023-01-15 v3.1.10 (3.1.10)
)
(/usr/local/texlive/2024/texmf-dist/tex/generic/pgf/basiclayer/pgfcoreobjects.c
ode.tex
File: pgfcoreobjects.code.tex 2023-01-15 v3.1.10 (3.1.10)
)
(/usr/local/texlive/2024/texmf-dist/tex/generic/pgf/basiclayer/pgfcorepathproce
ssing.code.tex
File: pgfcorepathprocessing.code.tex 2023-01-15 v3.1.10 (3.1.10)
)
(/usr/local/texlive/2024/texmf-dist/tex/generic/pgf/basiclayer/pgfcorearrows.co
de.tex
File: pgfcorearrows.code.tex 2023-01-15 v3.1.10 (3.1.10)
\pgfarrowsep=\dimen189
)
(/usr/local/texlive/2024/texmf-dist/tex/generic/pgf/basiclayer/pgfcoreshade.cod
e.tex
File: pgfcoreshade.code.tex 2023-01-15 v3.1.10 (3.1.10)
\pgf@max=\dimen190
\pgf@sys@shading@range@num=\count283
\pgf@shadingcount=\count284
)
(/usr/local/texlive/2024/texmf-dist/tex/generic/pgf/basiclayer/pgfcoreimage.cod
e.tex
File: pgfcoreimage.code.tex 2023-01-15 v3.1.10 (3.1.10)
)
(/usr/local/texlive/2024/texmf-dist/tex/generic/pgf/basiclayer/pgfcoreexternal.
code.tex
File: pgfcoreexternal.code.tex 2023-01-15 v3.1.10 (3.1.10)
\pgfexternal@startupbox=\box59
)
(/usr/local/texlive/2024/texmf-dist/tex/generic/pgf/basiclayer/pgfcorelayers.co
de.tex
File: pgfcorelayers.code.tex 2023-01-15 v3.1.10 (3.1.10)
)
(/usr/local/texlive/2024/texmf-dist/tex/generic/pgf/basiclayer/pgfcoretranspare
ncy.code.tex
File: pgfcoretransparency.code.tex 2023-01-15 v3.1.10 (3.1.10)
)
(/usr/local/texlive/2024/texmf-dist/tex/generic/pgf/basiclayer/pgfcorepatterns.
code.tex
File: pgfcorepatterns.code.tex 2023-01-15 v3.1.10 (3.1.10)
)
(/usr/local/texlive/2024/texmf-dist/tex/generic/pgf/basiclayer/pgfcorerdf.code.
tex
File: pgfcorerdf.code.tex 2023-01-15 v3.1.10 (3.1.10)
)))
(/usr/local/texlive/2024/texmf-dist/tex/generic/pgf/modules/pgfmoduleshapes.cod
e.tex
File: pgfmoduleshapes.code.tex 2023-01-15 v3.1.10 (3.1.10)
\pgfnodeparttextbox=\box60
)
(/usr/local/texlive/2024/texmf-dist/tex/generic/pgf/modules/pgfmoduleplot.code.
tex
File: pgfmoduleplot.code.tex 2023-01-15 v3.1.10 (3.1.10)
)
(/usr/local/texlive/2024/texmf-dist/tex/latex/pgf/compatibility/pgfcomp-version
-0-65.sty
Package: pgfcomp-version-0-65 2023-01-15 v3.1.10 (3.1.10)
\pgf@nodesepstart=\dimen191
\pgf@nodesepend=\dimen192
)
(/usr/local/texlive/2024/texmf-dist/tex/latex/pgf/compatibility/pgfcomp-version
-1-18.sty
Package: pgfcomp-version-1-18 2023-01-15 v3.1.10 (3.1.10)
))
(/usr/local/texlive/2024/texmf-dist/tex/latex/pgf/utilities/pgffor.sty
(/usr/local/texlive/2024/texmf-dist/tex/latex/pgf/utilities/pgfkeys.sty
(/usr/local/texlive/2024/texmf-dist/tex/generic/pgf/utilities/pgfkeys.code.tex)
) (/usr/local/texlive/2024/texmf-dist/tex/latex/pgf/math/pgfmath.sty
(/usr/local/texlive/2024/texmf-dist/tex/generic/pgf/math/pgfmath.code.tex))
(/usr/local/texlive/2024/texmf-dist/tex/generic/pgf/utilities/pgffor.code.tex
Package: pgffor 2023-01-15 v3.1.10 (3.1.10)
\pgffor@iter=\dimen193
\pgffor@skip=\dimen194
\pgffor@stack=\toks31
\pgffor@toks=\toks32
))
(/usr/local/texlive/2024/texmf-dist/tex/generic/pgf/frontendlayer/tikz/tikz.cod
e.tex
Package: tikz 2023-01-15 v3.1.10 (3.1.10)

(/usr/local/texlive/2024/texmf-dist/tex/generic/pgf/libraries/pgflibraryplothan
dlers.code.tex
File: pgflibraryplothandlers.code.tex 2023-01-15 v3.1.10 (3.1.10)
\pgf@plot@mark@count=\count285
\pgfplotmarksize=\dimen195
)
\tikz@lastx=\dimen196
\tikz@lasty=\dimen197
\tikz@lastxsaved=\dimen198
\tikz@lastysaved=\dimen199
\tikz@lastmovetox=\dimen256
\tikz@lastmovetoy=\dimen257
\tikzleveldistance=\dimen258
\tikzsiblingdistance=\dimen259
\tikz@figbox=\box61
\tikz@figbox@bg=\box62
\tikz@tempbox=\box63
\tikz@tempbox@bg=\box64
\tikztreelevel=\count286
\tikznumberofchildren=\count287
\tikznumberofcurrentchild=\count288
\tikz@fig@count=\count289

(/usr/local/texlive/2024/texmf-dist/tex/generic/pgf/modules/pgfmodulematrix.cod
e.tex
File: pgfmodulematrix.code.tex 2023-01-15 v3.1.10 (3.1.10)
\pgfmatrixcurrentrow=\count290
\pgfmatrixcurrentcolumn=\count291
\pgf@matrix@numberofcolumns=\count292
)
\tikz@expandcount=\count293

(/usr/local/texlive/2024/texmf-dist/tex/generic/pgf/frontendlayer/tikz/librarie
s/tikzlibrarytopaths.code.tex
File: tikzlibrarytopaths.code.tex 2023-01-15 v3.1.10 (3.1.10)
)))
(/usr/local/texlive/2024/texmf-dist/tex/latex/tools/verbatim.sty
Package: verbatim 2024-01-22 v1.5x LaTeX2e package for verbatim enhancements
\every@verbatim=\toks33
\verbatim@line=\toks34
\verbatim@in@stream=\read3
)
(/usr/local/texlive/2024/texmf-dist/tex/latex/environ/environ.sty
Package: environ 2014/05/04 v0.3 A new way to define environments

(/usr/local/texlive/2024/texmf-dist/tex/latex/trimspaces/trimspaces.sty
Package: trimspaces 2009/09/17 v1.1 Trim spaces around a token list
)
\@envbody=\toks35
)
\tcb@titlebox=\box65
\tcb@upperbox=\box66
\tcb@lowerbox=\box67
\tcb@phantombox=\box68
\c@tcbbreakpart=\count294
\c@tcblayer=\count295
\c@tcolorbox@number=\count296
\l__tcobox_tmpa_box=\box69
\l__tcobox_tmpa_dim=\dimen260
\tcb@temp=\box70
\tcb@temp=\box71
\tcb@temp=\box72
\tcb@temp=\box73
)
(/usr/local/texlive/2024/texmf-dist/tex/latex/tcolorbox/tcbskins.code.tex
Library (tcolorbox): 'tcbskins.code.tex' version '6.4.1'
(/usr/local/texlive/2024/texmf-dist/tex/latex/tikzfill/tikzfill.image.sty
Package: tikzfill.image 2023/08/08 v1.0.1 Image filling library for TikZ

(/usr/local/texlive/2024/texmf-dist/tex/latex/tikzfill/tikzfill-common.sty
Package: tikzfill-common 2023/08/08 v1.0.1 Auxiliary code for tikzfill
)
(/usr/local/texlive/2024/texmf-dist/tex/latex/tikzfill/tikzlibraryfill.image.co
de.tex
File: tikzlibraryfill.image.code.tex 2023/08/08 v1.0.1 Image filling library
\l__tikzfill_img_box=\box74
))
(/usr/local/texlive/2024/texmf-dist/tex/latex/tcolorbox/tcbskinsjigsaw.code.tex
Library (tcolorbox): 'tcbskinsjigsaw.code.tex' version '6.4.1'
))
(/usr/local/texlive/2024/texmf-dist/tex/latex/tcolorbox/tcbbreakable.code.tex
Library (tcolorbox): 'tcbbreakable.code.tex' version '6.4.1'
(/usr/local/texlive/2024/texmf-dist/tex/latex/pdfcol/pdfcol.sty
Package: pdfcol 2022-09-21 v1.7 Handle new color stacks for pdfTeX (HO)

(/usr/local/texlive/2024/texmf-dist/tex/generic/ltxcmds/ltxcmds.sty
Package: ltxcmds 2023-12-04 v1.26 LaTeX kernel commands for general use (HO)
)
(/usr/local/texlive/2024/texmf-dist/tex/generic/infwarerr/infwarerr.sty
Package: infwarerr 2019/12/03 v1.5 Providing info/warning/error messages (HO)
)
Package pdfcol Info: Interface disabled because of missing PDF mode of pdfTeX.
)
Package pdfcol Info: pdfTeX's color stacks are not available.
\tcb@testbox=\box75
\tcb@totalupperbox=\box76
\tcb@totallowerbox=\box77
)
(/usr/local/texlive/2024/texmf-dist/tex/latex/tcolorbox/tcbraster.code.tex
Library (tcolorbox): 'tcbraster.code.tex' version '6.4.1'
\c@tcbrastercolumn=\count297
\c@tcbrasterrow=\count298
\c@tcbrasternum=\count299
\c@tcbraster=\count300
) (/usr/local/texlive/2024/texmf-dist/tex/latex/tcolorbox/tcbxparse.code.tex
Library (tcolorbox): 'tcbxparse.code.tex' version '6.4.1'
(/usr/local/texlive/2024/texmf-dist/tex/latex/l3packages/xparse/xparse.sty
(/usr/local/texlive/2024/texmf-dist/tex/latex/l3kernel/expl3.sty
Package: expl3 2025-01-18 L3 programming layer (loader) 

(/usr/local/texlive/2024/texmf-dist/tex/latex/l3backend/l3backend-xetex.def
File: l3backend-xetex.def 2024-05-08 L3 backend support: XeTeX
\g__graphics_track_int=\count301
\l__pdf_internal_box=\box78
\g__pdf_backend_annotation_int=\count302
\g__pdf_backend_link_int=\count303
))
Package: xparse 2024-08-16 L3 Experimental document command parser
))
(/usr/local/texlive/2024/texmf-dist/tex/generic/pgf/frontendlayer/tikz/librarie
s/tikzlibrarycalc.code.tex
File: tikzlibrarycalc.code.tex 2023-01-15 v3.1.10 (3.1.10)
)
(/usr/local/texlive/2024/texmf-dist/tex/latex/tcolorbox/tcbhooks.code.tex
Library (tcolorbox): 'tcbhooks.code.tex' version '6.4.1'
)
\ptxnormalparindent=\skip54
\ptxnormalparskip=\skip55
 (/usr/local/texlive/2024/texmf-dist/tex/generic/xstring/xstring.sty
(/usr/local/texlive/2024/texmf-dist/tex/generic/xstring/xstring.tex
\xs_counta=\count304
\xs_countb=\count305
)
Package: xstring 2023/08/22 v1.86 String manipulations (CT)
)

Package geometry Warning: Over-specification in `h'-direction.
    `width' (340.0pt) is ignored.


Package geometry Warning: Over-specification in `v'-direction.
    `height' (650.43pt) is ignored.

(/usr/local/texlive/2024/texmf-dist/tex/xelatex/xltxtra/xltxtra.sty
Package: xltxtra 2018/12/31 v0.7 Improvements for the "XeLaTeX" format

(/usr/local/texlive/2024/texmf-dist/tex/latex/fontspec/fontspec.sty
Package: fontspec 2024/05/11 v2.9e Font selection for XeLaTeX and LuaLaTeX

(/usr/local/texlive/2024/texmf-dist/tex/latex/fontspec/fontspec-xetex.sty
Package: fontspec-xetex 2024/05/11 v2.9e Font selection for XeLaTeX and LuaLaTe
X
\l__fontspec_script_int=\count306
\l__fontspec_language_int=\count307
\l__fontspec_strnum_int=\count308
\l__fontspec_tmp_int=\count309
\l__fontspec_tmpa_int=\count310
\l__fontspec_tmpb_int=\count311
\l__fontspec_tmpc_int=\count312
\l__fontspec_em_int=\count313
\l__fontspec_emdef_int=\count314
\l__fontspec_strong_int=\count315
\l__fontspec_strongdef_int=\count316
\l__fontspec_tmpa_dim=\dimen261
\l__fontspec_tmpb_dim=\dimen262
\l__fontspec_tmpc_dim=\dimen263

(/usr/local/texlive/2024/texmf-dist/tex/latex/base/fontenc.sty
Package: fontenc 2021/04/29 v2.0v Standard LaTeX package
)
(/usr/local/texlive/2024/texmf-dist/tex/latex/fontspec/fontspec.cfg)))
(/usr/local/texlive/2024/texmf-dist/tex/latex/realscripts/realscripts.sty
Package: realscripts 2016/02/13 v0.3d Access OpenType subscripts and superscrip
ts
\subsupersep=\dimen264
)
(/usr/local/texlive/2024/texmf-dist/tex/latex/metalogo/metalogo.sty
Package: metalogo 2010/05/29 v0.12 Extended TeX logo macros
\xl@everylogo=\toks36
\xl@@everylogo=\toks37
LaTeX Info: Redefining \TeX on input line 193.
LaTeX Info: Redefining \LaTeX on input line 202.
LaTeX Info: Redefining \LaTeXe on input line 219.
)
\l__xetex_show_hyphens_wrapping_box=\box79
\l__xetex_show_hyphens_temp_box=\box80
\l__xetex_show_hyphens_final_box=\box81
\g__xetex_show_hyphens_word_box=\box82
)
(/usr/local/texlive/2024/texmf-dist/tex/latex/inconsolata/zi4.sty
Package: zi4 2019/05/17 v1.12

`inconsolata-zi4' v1.12, 2019/05/17 Text macros for Inconsolata (msharpe)
(/usr/local/texlive/2024/texmf-dist/tex/latex/base/textcomp.sty
Package: textcomp 2024/04/24 v2.1b Standard LaTeX package
)
(/usr/local/texlive/2024/texmf-dist/tex/latex/xkeyval/xkeyval.sty
Package: xkeyval 2022/06/16 v2.9 package option processing (HA)

(/usr/local/texlive/2024/texmf-dist/tex/generic/xkeyval/xkeyval.tex
(/usr/local/texlive/2024/texmf-dist/tex/generic/xkeyval/xkvutils.tex
\XKV@toks=\toks38
\XKV@tempa@toks=\toks39
)
\XKV@depth=\count317
File: xkeyval.tex 2014/12/03 v2.7a key=value parser (HA)
))
\zifour@ocount=\count318
)

Package fontspec Info: 
(fontspec)             Font family 'Inconsolatazi4-Regular.otf(0)' created for
(fontspec)             font 'Inconsolatazi4-Regular.otf' with options
(fontspec)             [WordSpace={1,0,0},HyphenChar=None,PunctuationSpace=Word
Space,BoldFont=Inconsolatazi4-Bold.otf,StylisticSet={1,3}].
(fontspec)              
(fontspec)              This font family consists of the following NFSS
(fontspec)             series/shapes:
(fontspec)              
(fontspec)             - 'normal' (m/n) with NFSS spec.:
(fontspec)             <->"[Inconsolatazi4-Regular.otf]/OT:script=latn;language
=dflt;+ss01;+ss03;"
(fontspec)             - 'bold' (b/n) with NFSS spec.:
(fontspec)             <->"[Inconsolatazi4-Bold.otf]/OT:script=latn;language=df
lt;+ss01;+ss03;"


(/usr/local/texlive/2024/texmf-dist/tex/latex/polyglossia/polyglossia.sty
Package: polyglossia 2025/01/31 v2.4 Modern multilingual typesetting with XeLaT
eX and LuaLaTeX
\l_xpg_alias_keyvals_int=\count319

(/usr/local/texlive/2024/texmf-dist/tex/latex/polyglossia/gloss-latex.ldf
File: gloss-latex.ldf polyglossia: module for default language
))
(/usr/local/texlive/2024/texmf-dist/tex/latex/polyglossia/gloss-english.ldf
File: gloss-english.ldf polyglossia: module for English
)

Package polyglossia Info: Default language is english


(/usr/local/texlive/2024/texmf-dist/tex/latex/microtype/microtype.sty
Package: microtype 2024/12/12 v3.2 Micro-typographical refinements (RS)
\MT@toks=\toks40
\MT@tempbox=\box83
\MT@count=\count320
LaTeX Info: Redefining \noprotrusionifhmode on input line 1075.
LaTeX Info: Redefining \leftprotrusion on input line 1076.
\MT@prot@toks=\toks41
LaTeX Info: Redefining \rightprotrusion on input line 1095.
LaTeX Info: Redefining \textls on input line 1437.
\MT@outer@kern=\dimen265
LaTeX Info: Redefining \microtypecontext on input line 2041.
LaTeX Info: Redefining \textmicrotypecontext on input line 2058.
\MT@listname@count=\count321

(/usr/local/texlive/2024/texmf-dist/tex/latex/microtype/microtype-xetex.def
File: microtype-xetex.def 2024/12/12 v3.2 Definitions specific to xetex (RS)
LaTeX Info: Redefining \lsstyle on input line 443.
LaTeX Info: Redefining \lslig on input line 451.
\MT@outer@space=\skip56
)
Package microtype Info: Loading configuration file microtype.cfg.

(/usr/local/texlive/2024/texmf-dist/tex/latex/microtype/microtype.cfg
File: microtype.cfg 2024/12/12 v3.2 microtype main configuration file (RS)
)
LaTeX Info: Redefining \microtypesetup on input line 3053.
)
(/usr/local/texlive/2024/texmf-dist/tex/latex/amsmath/amsmath.sty
Package: amsmath 2024/11/05 v2.17t AMS math features
\@mathmargin=\skip57

For additional information on amsmath, use the `?' option.
(/usr/local/texlive/2024/texmf-dist/tex/latex/amsmath/amstext.sty
Package: amstext 2021/08/26 v2.01 AMS text

(/usr/local/texlive/2024/texmf-dist/tex/latex/amsmath/amsgen.sty
File: amsgen.sty 1999/11/30 v2.0 generic functions
\@emptytoks=\toks42
\ex@=\dimen266
))
(/usr/local/texlive/2024/texmf-dist/tex/latex/amsmath/amsbsy.sty
Package: amsbsy 1999/11/29 v1.2d Bold Symbols
\pmbraise@=\dimen267
)
(/usr/local/texlive/2024/texmf-dist/tex/latex/amsmath/amsopn.sty
Package: amsopn 2022/04/08 v2.04 operator names
)
\inf@bad=\count322
LaTeX Info: Redefining \frac on input line 233.
\uproot@=\count323
\leftroot@=\count324
LaTeX Info: Redefining \overline on input line 398.
LaTeX Info: Redefining \colon on input line 409.
\classnum@=\count325
\DOTSCASE@=\count326
LaTeX Info: Redefining \ldots on input line 495.
LaTeX Info: Redefining \dots on input line 498.
LaTeX Info: Redefining \cdots on input line 619.
\Mathstrutbox@=\box84
\strutbox@=\box85
LaTeX Info: Redefining \big on input line 721.
LaTeX Info: Redefining \Big on input line 722.
LaTeX Info: Redefining \bigg on input line 723.
LaTeX Info: Redefining \Bigg on input line 724.
\big@size=\dimen268
LaTeX Font Info:    Redeclaring font encoding OML on input line 742.
LaTeX Font Info:    Redeclaring font encoding OMS on input line 743.
\macc@depth=\count327
LaTeX Info: Redefining \bmod on input line 904.
LaTeX Info: Redefining \pmod on input line 909.
LaTeX Info: Redefining \smash on input line 939.
LaTeX Info: Redefining \relbar on input line 969.
LaTeX Info: Redefining \Relbar on input line 970.
\c@MaxMatrixCols=\count328
\dotsspace@=\muskip17
\c@parentequation=\count329
\dspbrk@lvl=\count330
\tag@help=\toks43
\row@=\count331
\column@=\count332
\maxfields@=\count333
\andhelp@=\toks44
\eqnshift@=\dimen269
\alignsep@=\dimen270
\tagshift@=\dimen271
\tagwidth@=\dimen272
\totwidth@=\dimen273
\lineht@=\dimen274
\@envbody=\toks45
\multlinegap=\skip58
\multlinetaggap=\skip59
\mathdisplay@stack=\toks46
LaTeX Info: Redefining \[ on input line 2953.
LaTeX Info: Redefining \] on input line 2954.
)
(/usr/local/texlive/2024/texmf-dist/tex/latex/amsmath/amscd.sty
Package: amscd 2017/04/14 v2.1 AMS Commutative Diagrams
\athelp@=\toks47
\minaw@=\dimen275
\bigaw@=\dimen276
\minCDarrowwidth=\dimen277
)
(/usr/local/texlive/2024/texmf-dist/tex/latex/amsfonts/amssymb.sty
Package: amssymb 2013/01/14 v3.01 AMS font symbols

(/usr/local/texlive/2024/texmf-dist/tex/latex/amsfonts/amsfonts.sty
Package: amsfonts 2013/01/14 v3.01 Basic AMSFonts support
\symAMSa=\mathgroup4
\symAMSb=\mathgroup5
LaTeX Font Info:    Redeclaring math symbol \hbar on input line 98.
LaTeX Font Info:    Overwriting math alphabet `\mathfrak' in version `bold'
(Font)                  U/euf/m/n --> U/euf/b/n on input line 106.
))
(/usr/local/texlive/2024/texmf-dist/tex/latex/psnfss/pifont.sty
Package: pifont 2020/03/25 PSNFSS-v9.3 Pi font support (SPQR) 
LaTeX Font Info:    Trying to load font information for U+pzd on input line 63.


(/usr/local/texlive/2024/texmf-dist/tex/latex/psnfss/upzd.fd
File: upzd.fd 2001/06/04 font definitions for U/pzd.
)
LaTeX Font Info:    Trying to load font information for U+psy on input line 64.


(/usr/local/texlive/2024/texmf-dist/tex/latex/psnfss/upsy.fd
File: upsy.fd 2001/06/04 font definitions for U/psy.
))
(/usr/local/texlive/2024/texmf-dist/tex/latex/titlesec/titlesec.sty
Package: titlesec 2025/01/04 v2.17 Sectioning titles
\ttl@box=\box86
\beforetitleunit=\skip60
\aftertitleunit=\skip61
\ttl@plus=\dimen278
\ttl@minus=\dimen279
\ttl@toksa=\toks48
\titlewidth=\dimen280
\titlewidthlast=\dimen281
\titlewidthfirst=\dimen282

(/usr/local/texlive/2024/texmf-dist/tex/latex/titlesec/titleps.sty))
(/usr/local/texlive/2024/texmf-dist/tex/latex/titlesec/titletoc.sty
Package: titletoc 2025/01/04 v2.17 TOC entries
\ttl@leftsep=\dimen283
)
\ptxOldarrayrulewidth=\skip62

(/usr/local/texlive/2024/texmf-dist/tex/latex/fancyvrb/fancyvrb.sty
Package: fancyvrb 2024/01/20 4.5c verbatim text (tvz,hv)
\FV@CodeLineNo=\count334
\FV@InFile=\read4
\FV@TabBox=\box87
\c@FancyVerbLine=\count335
\FV@StepNumber=\count336
\FV@OutFile=\write4
)
(/usr/local/texlive/2024/texmf-dist/tex/latex/enumitem/enumitem.sty
Package: enumitem 2025/01/19 v3.10 Customized lists
\labelindent=\skip63
\enit@outerparindent=\dimen284
\enit@toks=\toks49
\enit@inbox=\box88
\enit@count@id=\count337
\enitdp@description=\count338
)
\enitdp@referencelist=\count339
\ptxdlititlewidth=\skip64
\ptxdlimaxnarrowtitle=\skip65
\ptxdlimaxmediumtitle=\skip66
\ptxdlimaxwidetitle=\skip67
\ptxegindent=\skip68
\ptxexggap=\skip69

(/usr/local/texlive/2024/texmf-dist/tex/latex/imakeidx/imakeidx.sty
Package: imakeidx 2016/10/15 v1.3e Package for typesetting indices in a synchro
nous mode

(/usr/local/texlive/2024/texmf-dist/tex/latex/tools/multicol.sty
Package: multicol 2024/09/14 v1.9i multicolumn formatting (FMi)
\c@tracingmulticols=\count340
\mult@box=\box89
\multicol@leftmargin=\dimen285
\c@unbalance=\count341
\c@collectmore=\count342
\doublecol@number=\count343
\multicoltolerance=\count344
\multicolpretolerance=\count345
\full@width=\dimen286
\page@free=\dimen287
\premulticols=\dimen288
\postmulticols=\dimen289
\multicolsep=\skip70
\multicolbaselineskip=\skip71
\partial@page=\box90
\last@line=\box91
\mc@boxedresult=\box92
\maxbalancingoverflow=\dimen290
\mult@rightbox=\box93
\mult@grightbox=\box94
\mult@firstbox=\box95
\mult@gfirstbox=\box96
\@tempa=\box97
\@tempa=\box98
\@tempa=\box99
\@tempa=\box100
\@tempa=\box101
\@tempa=\box102
\@tempa=\box103
\@tempa=\box104
\@tempa=\box105
\@tempa=\box106
\@tempa=\box107
\@tempa=\box108
\@tempa=\box109
\@tempa=\box110
\@tempa=\box111
\@tempa=\box112
\@tempa=\box113
\@tempa=\box114
\@tempa=\box115
\@tempa=\box116
\@tempa=\box117
\@tempa=\box118
\@tempa=\box119
\@tempa=\box120
\@tempa=\box121
\@tempa=\box122
\@tempa=\box123
\@tempa=\box124
\@tempa=\box125
\@tempa=\box126
\@tempa=\box127
\@tempa=\box128
\@tempa=\box129
\@tempa=\box130
\@tempa=\box131
\@tempa=\box132
\c@minrows=\count346
\c@columnbadness=\count347
\c@finalcolumnbadness=\count348
\last@try=\dimen291
\multicolovershoot=\dimen292
\multicolundershoot=\dimen293
\mult@nat@firstbox=\box133
\colbreak@box=\box134
\mc@col@check@num=\count349
))
\main@idxfile=\write5
\openout5 = `main.idx'.


Writing index file main.idx
(/usr/local/texlive/2024/texmf-dist/tex/latex/tools/longtable.sty
Package: longtable 2024-10-27 v4.22 Multi-page Table package (DPC)
\LTleft=\skip72
\LTright=\skip73
\LTpre=\skip74
\LTpost=\skip75
\LTchunksize=\count350
\LTcapwidth=\dimen294
\LT@head=\box135
\LT@firsthead=\box136
\LT@foot=\box137
\LT@lastfoot=\box138
\LT@gbox=\box139
\LT@cols=\count351
\LT@rows=\count352
\c@LT@tables=\count353
\c@LT@chunks=\count354
\LT@p@ftn=\toks50
)
(/usr/local/texlive/2024/texmf-dist/tex/latex/hyperref/hyperref.sty
Package: hyperref 2024-11-05 v7.01l Hypertext links for LaTeX

(/usr/local/texlive/2024/texmf-dist/tex/latex/kvsetkeys/kvsetkeys.sty
Package: kvsetkeys 2022-10-05 v1.19 Key value parser (HO)
)
(/usr/local/texlive/2024/texmf-dist/tex/generic/kvdefinekeys/kvdefinekeys.sty
Package: kvdefinekeys 2019-12-19 v1.6 Define keys (HO)
)
(/usr/local/texlive/2024/texmf-dist/tex/generic/pdfescape/pdfescape.sty
Package: pdfescape 2019/12/09 v1.15 Implements pdfTeX's escape features (HO)

(/usr/local/texlive/2024/texmf-dist/tex/generic/pdftexcmds/pdftexcmds.sty
Package: pdftexcmds 2020-06-27 v0.33 Utility functions of pdfTeX for LuaTeX (HO
)
Package pdftexcmds Info: \pdf@primitive is available.
Package pdftexcmds Info: \pdf@ifprimitive is available.
Package pdftexcmds Info: \pdfdraftmode not found.
))
(/usr/local/texlive/2024/texmf-dist/tex/latex/hycolor/hycolor.sty
Package: hycolor 2020-01-27 v1.10 Color options for hyperref/bookmark (HO)
)
(/usr/local/texlive/2024/texmf-dist/tex/latex/hyperref/nameref.sty
Package: nameref 2023-11-26 v2.56 Cross-referencing by name of section

(/usr/local/texlive/2024/texmf-dist/tex/latex/refcount/refcount.sty
Package: refcount 2019/12/15 v3.6 Data extraction from label references (HO)
)
(/usr/local/texlive/2024/texmf-dist/tex/generic/gettitlestring/gettitlestring.s
ty
Package: gettitlestring 2019/12/15 v1.6 Cleanup title references (HO)
 (/usr/local/texlive/2024/texmf-dist/tex/latex/kvoptions/kvoptions.sty
Package: kvoptions 2022-06-15 v3.15 Key value format for package options (HO)
))
\c@section@level=\count355
)
(/usr/local/texlive/2024/texmf-dist/tex/generic/stringenc/stringenc.sty
Package: stringenc 2019/11/29 v1.12 Convert strings between diff. encodings (HO
)
)
\@linkdim=\dimen295
\Hy@linkcounter=\count356
\Hy@pagecounter=\count357

(/usr/local/texlive/2024/texmf-dist/tex/latex/hyperref/pd1enc.def
File: pd1enc.def 2024-11-05 v7.01l Hyperref: PDFDocEncoding definition (HO)
)
(/usr/local/texlive/2024/texmf-dist/tex/generic/intcalc/intcalc.sty
Package: intcalc 2019/12/15 v1.3 Expandable calculations with integers (HO)
)
\Hy@SavedSpaceFactor=\count358

(/usr/local/texlive/2024/texmf-dist/tex/latex/hyperref/puenc.def
File: puenc.def 2024-11-05 v7.01l Hyperref: PDF Unicode definition (HO)
)
Package hyperref Info: Hyper figures OFF on input line 4157.
Package hyperref Info: Link nesting OFF on input line 4162.
Package hyperref Info: Hyper index ON on input line 4165.
Package hyperref Info: Plain pages OFF on input line 4172.
Package hyperref Info: Backreferencing OFF on input line 4177.
Package hyperref Info: Implicit mode ON; LaTeX internals redefined.
Package hyperref Info: Bookmarks ON on input line 4424.
\c@Hy@tempcnt=\count359

(/usr/local/texlive/2024/texmf-dist/tex/latex/url/url.sty
\Urlmuskip=\muskip18
Package: url 2013/09/16  ver 3.4  Verb mode for urls, etc.
)
LaTeX Info: Redefining \url on input line 4763.
\XeTeXLinkMargin=\dimen296

(/usr/local/texlive/2024/texmf-dist/tex/generic/bitset/bitset.sty
Package: bitset 2019/12/09 v1.3 Handle bit-vector datatype (HO)

(/usr/local/texlive/2024/texmf-dist/tex/generic/bigintcalc/bigintcalc.sty
Package: bigintcalc 2019/12/15 v1.5 Expandable calculations on big integers (HO
)
))
\Fld@menulength=\count360
\Field@Width=\dimen297
\Fld@charsize=\dimen298
Package hyperref Info: Hyper figures OFF on input line 6042.
Package hyperref Info: Link nesting OFF on input line 6047.
Package hyperref Info: Hyper index ON on input line 6050.
Package hyperref Info: backreferencing OFF on input line 6057.
Package hyperref Info: Link coloring OFF on input line 6062.
Package hyperref Info: Link coloring with OCG OFF on input line 6067.
Package hyperref Info: PDF/A mode OFF on input line 6072.

(/usr/local/texlive/2024/texmf-dist/tex/latex/base/atbegshi-ltx.sty
Package: atbegshi-ltx 2021/01/10 v1.0c Emulation of the original atbegshi
package with kernel methods
)
\Hy@abspage=\count361
\c@Item=\count362
\c@Hfootnote=\count363
)
Package hyperref Info: Driver (autodetected): hxetex.

(/usr/local/texlive/2024/texmf-dist/tex/latex/hyperref/hxetex.def
File: hxetex.def 2024-11-05 v7.01l Hyperref driver for XeTeX
\pdfm@box=\box140
\c@Hy@AnnotLevel=\count364
\HyField@AnnotCount=\count365
\Fld@listcount=\count366
\c@bookmark@seq@number=\count367

(/usr/local/texlive/2024/texmf-dist/tex/latex/rerunfilecheck/rerunfilecheck.sty
Package: rerunfilecheck 2022-07-10 v1.10 Rerun checks for auxiliary files (HO)
(/usr/local/texlive/2024/texmf-dist/tex/latex/base/atveryend-ltx.sty
Package: atveryend-ltx 2020/08/19 v1.0a Emulation of the original atveryend pac
kage
with kernel methods
)
(/usr/local/texlive/2024/texmf-dist/tex/generic/uniquecounter/uniquecounter.sty
Package: uniquecounter 2019/12/15 v1.4 Provide unlimited unique counter (HO)
)
Package uniquecounter Info: New unique counter `rerunfilecheck' on input line 2
85.
)
\Hy@SectionHShift=\skip76
)
Package hyperref Info: Option `colorlinks' set `true' on input line 647.
Package hyperref Info: Option `hypertexnames' set `false' on input line 650.
\c@tcb@cnt@block=\count368
\c@tcb@cnt@figure-distinct=\count369
\c@tcb@cnt@subdisplay=\count370
 (/usr/local/texlive/2024/texmf-dist/tex/latex/pgfplots/pgfplots.sty
(/usr/local/texlive/2024/texmf-dist/tex/generic/pgfplots/pgfplots.revision.tex)
Package: pgfplots 2021/05/15 v1.18.1 Data Visualization (1.18.1)
(/usr/local/texlive/2024/texmf-dist/tex/generic/pgfplots/pgfplots.code.tex
(/usr/local/texlive/2024/texmf-dist/tex/generic/pgfplots/pgfplotscore.code.tex
\t@pgfplots@toka=\toks51
\t@pgfplots@tokb=\toks52
\t@pgfplots@tokc=\toks53
\pgfplots@tmpa=\dimen299
\c@pgfplots@coordindex=\count371
\c@pgfplots@scanlineindex=\count372

(/usr/local/texlive/2024/texmf-dist/tex/generic/pgfplots/sys/pgfplotssysgeneric
.code.tex))
(/usr/local/texlive/2024/texmf-dist/tex/generic/pgfplots/libs/pgfplotslibrary.c
ode.tex)
(/usr/local/texlive/2024/texmf-dist/tex/generic/pgfplots/oldpgfcompatib/pgfplot
soldpgfsupp_loader.code.tex
(/usr/local/texlive/2024/texmf-dist/tex/generic/pgf/libraries/pgflibraryfpu.cod
e.tex)
Package pgfplots: loading complementary utilities for your pgf version...
\t@pgf@toka=\toks54
\t@pgf@tokb=\toks55
\t@pgf@tokc=\toks56

(/usr/local/texlive/2024/texmf-dist/tex/generic/pgfplots/oldpgfcompatib/pgfplot
soldpgfsupp_pgfutil-common-lists.tex))
(/usr/local/texlive/2024/texmf-dist/tex/generic/pgfplots/util/pgfplotsutil.code
.tex
(/usr/local/texlive/2024/texmf-dist/tex/generic/pgfplots/liststructure/pgfplots
liststructure.code.tex)
(/usr/local/texlive/2024/texmf-dist/tex/generic/pgfplots/liststructure/pgfplots
liststructureext.code.tex)
(/usr/local/texlive/2024/texmf-dist/tex/generic/pgfplots/liststructure/pgfplots
array.code.tex
\c@pgfplotsarray@tmp=\count373
)
(/usr/local/texlive/2024/texmf-dist/tex/generic/pgfplots/liststructure/pgfplots
matrix.code.tex)
(/usr/local/texlive/2024/texmf-dist/tex/generic/pgfplots/numtable/pgfplotstable
shared.code.tex
\c@pgfplotstable@counta=\count374
\t@pgfplotstable@a=\toks57
)
(/usr/local/texlive/2024/texmf-dist/tex/generic/pgfplots/liststructure/pgfplots
deque.code.tex)
(/usr/local/texlive/2024/texmf-dist/tex/generic/pgfplots/util/pgfplotsbinary.co
de.tex
(/usr/local/texlive/2024/texmf-dist/tex/generic/pgfplots/util/pgfplotsbinary.da
ta.code.tex))
(/usr/local/texlive/2024/texmf-dist/tex/generic/pgfplots/util/pgfplotsutil.verb
.code.tex)
(/usr/local/texlive/2024/texmf-dist/tex/generic/pgfplots/libs/pgflibrarypgfplot
s.surfshading.code.tex
\c@pgfplotslibrarysurf@no=\count375

(/usr/local/texlive/2024/texmf-dist/tex/generic/pgfplots/sys/pgflibrarypgfplots
.surfshading.pgfsys-xetex.def
(/usr/local/texlive/2024/texmf-dist/tex/generic/pgfplots/sys/pgflibrarypgfplots
.surfshading.pgfsys-dvipdfmx.def
\c@pgfplotslibrarysurf@streamlen=\count376
))))
(/usr/local/texlive/2024/texmf-dist/tex/generic/pgfplots/util/pgfplotscolormap.
code.tex
(/usr/local/texlive/2024/texmf-dist/tex/generic/pgfplots/util/pgfplotscolor.cod
e.tex))
(/usr/local/texlive/2024/texmf-dist/tex/generic/pgfplots/pgfplotsstackedplots.c
ode.tex)
(/usr/local/texlive/2024/texmf-dist/tex/generic/pgfplots/pgfplotsplothandlers.c
ode.tex
(/usr/local/texlive/2024/texmf-dist/tex/generic/pgfplots/pgfplotsmeshplothandle
r.code.tex
(/usr/local/texlive/2024/texmf-dist/tex/generic/pgfplots/pgfplotsmeshplotimage.
code.tex)))
(/usr/local/texlive/2024/texmf-dist/tex/generic/pgfplots/pgfplots.scaling.code.
tex)
(/usr/local/texlive/2024/texmf-dist/tex/generic/pgfplots/pgfplotscoordprocessin
g.code.tex)
(/usr/local/texlive/2024/texmf-dist/tex/generic/pgfplots/pgfplots.errorbars.cod
e.tex)
(/usr/local/texlive/2024/texmf-dist/tex/generic/pgfplots/pgfplots.markers.code.
tex)
(/usr/local/texlive/2024/texmf-dist/tex/generic/pgfplots/pgfplotsticks.code.tex
)
(/usr/local/texlive/2024/texmf-dist/tex/generic/pgfplots/pgfplots.paths.code.te
x)
(/usr/local/texlive/2024/texmf-dist/tex/generic/pgf/frontendlayer/tikz/librarie
s/tikzlibrarydecorations.code.tex
(/usr/local/texlive/2024/texmf-dist/tex/generic/pgf/modules/pgfmoduledecoration
s.code.tex
\pgfdecoratedcompleteddistance=\dimen300
\pgfdecoratedremainingdistance=\dimen301
\pgfdecoratedinputsegmentcompleteddistance=\dimen302
\pgfdecoratedinputsegmentremainingdistance=\dimen303
\pgf@decorate@distancetomove=\dimen304
\pgf@decorate@repeatstate=\count377
\pgfdecorationsegmentamplitude=\dimen305
\pgfdecorationsegmentlength=\dimen306
)
\tikz@lib@dec@box=\box141
)
(/usr/local/texlive/2024/texmf-dist/tex/generic/pgf/frontendlayer/tikz/librarie
s/tikzlibrarydecorations.pathmorphing.code.tex
(/usr/local/texlive/2024/texmf-dist/tex/generic/pgf/libraries/decorations/pgfli
brarydecorations.pathmorphing.code.tex))
(/usr/local/texlive/2024/texmf-dist/tex/generic/pgf/frontendlayer/tikz/librarie
s/tikzlibrarydecorations.pathreplacing.code.tex
(/usr/local/texlive/2024/texmf-dist/tex/generic/pgf/libraries/decorations/pgfli
brarydecorations.pathreplacing.code.tex))
(/usr/local/texlive/2024/texmf-dist/tex/generic/pgfplots/libs/tikzlibrarypgfplo
ts.contourlua.code.tex)
\pgfplots@numplots=\count378
\pgfplots@xmin@reg=\dimen307
\pgfplots@xmax@reg=\dimen308
\pgfplots@ymin@reg=\dimen309
\pgfplots@ymax@reg=\dimen310
\pgfplots@zmin@reg=\dimen311
\pgfplots@zmax@reg=\dimen312
)
(/usr/local/texlive/2024/texmf-dist/tex/generic/pgf/frontendlayer/tikz/librarie
s/tikzlibraryplotmarks.code.tex
File: tikzlibraryplotmarks.code.tex 2023-01-15 v3.1.10 (3.1.10)

(/usr/local/texlive/2024/texmf-dist/tex/generic/pgf/libraries/pgflibraryplotmar
ks.code.tex
File: pgflibraryplotmarks.code.tex 2023-01-15 v3.1.10 (3.1.10)
)))
(/usr/local/texlive/2024/texmf-dist/tex/generic/pgf/frontendlayer/tikz/librarie
s/tikzlibrarypositioning.code.tex
File: tikzlibrarypositioning.code.tex 2023-01-15 v3.1.10 (3.1.10)
)
(/usr/local/texlive/2024/texmf-dist/tex/generic/pgf/frontendlayer/tikz/librarie
s/tikzlibrarymatrix.code.tex
File: tikzlibrarymatrix.code.tex 2023-01-15 v3.1.10 (3.1.10)
)
(/usr/local/texlive/2024/texmf-dist/tex/generic/pgf/frontendlayer/tikz/librarie
s/tikzlibraryarrows.code.tex
File: tikzlibraryarrows.code.tex 2023-01-15 v3.1.10 (3.1.10)

(/usr/local/texlive/2024/texmf-dist/tex/generic/pgf/libraries/pgflibraryarrows.
code.tex
File: pgflibraryarrows.code.tex 2023-01-15 v3.1.10 (3.1.10)
\arrowsize=\dimen313
))
(/usr/local/texlive/2024/texmf-dist/tex/generic/pgf/frontendlayer/tikz/librarie
s/tikzlibraryshapes.code.tex
File: tikzlibraryshapes.code.tex 2023-01-15 v3.1.10 (3.1.10)

(/usr/local/texlive/2024/texmf-dist/tex/generic/pgf/frontendlayer/tikz/librarie
s/tikzlibraryshapes.geometric.code.tex
File: tikzlibraryshapes.geometric.code.tex 2023-01-15 v3.1.10 (3.1.10)

(/usr/local/texlive/2024/texmf-dist/tex/generic/pgf/libraries/shapes/pgflibrary
shapes.geometric.code.tex
File: pgflibraryshapes.geometric.code.tex 2023-01-15 v3.1.10 (3.1.10)
))
(/usr/local/texlive/2024/texmf-dist/tex/generic/pgf/frontendlayer/tikz/librarie
s/tikzlibraryshapes.misc.code.tex
File: tikzlibraryshapes.misc.code.tex 2023-01-15 v3.1.10 (3.1.10)

(/usr/local/texlive/2024/texmf-dist/tex/generic/pgf/libraries/shapes/pgflibrary
shapes.misc.code.tex
File: pgflibraryshapes.misc.code.tex 2023-01-15 v3.1.10 (3.1.10)
))
(/usr/local/texlive/2024/texmf-dist/tex/generic/pgf/frontendlayer/tikz/librarie
s/tikzlibraryshapes.symbols.code.tex
File: tikzlibraryshapes.symbols.code.tex 2023-01-15 v3.1.10 (3.1.10)

(/usr/local/texlive/2024/texmf-dist/tex/generic/pgf/libraries/shapes/pgflibrary
shapes.symbols.code.tex
File: pgflibraryshapes.symbols.code.tex 2023-01-15 v3.1.10 (3.1.10)
))
(/usr/local/texlive/2024/texmf-dist/tex/generic/pgf/frontendlayer/tikz/librarie
s/tikzlibraryshapes.arrows.code.tex
File: tikzlibraryshapes.arrows.code.tex 2023-01-15 v3.1.10 (3.1.10)

(/usr/local/texlive/2024/texmf-dist/tex/generic/pgf/libraries/shapes/pgflibrary
shapes.arrows.code.tex
File: pgflibraryshapes.arrows.code.tex 2023-01-15 v3.1.10 (3.1.10)
))
(/usr/local/texlive/2024/texmf-dist/tex/generic/pgf/frontendlayer/tikz/librarie
s/tikzlibraryshapes.callouts.code.tex
(/usr/local/texlive/2024/texmf-dist/tex/generic/pgf/libraries/shapes/pgflibrary
shapes.callouts.code.tex))
(/usr/local/texlive/2024/texmf-dist/tex/generic/pgf/frontendlayer/tikz/librarie
s/tikzlibraryshapes.multipart.code.tex
File: tikzlibraryshapes.multipart.code.tex 2023-01-15 v3.1.10 (3.1.10)

(/usr/local/texlive/2024/texmf-dist/tex/generic/pgf/libraries/shapes/pgflibrary
shapes.multipart.code.tex
File: pgflibraryshapes.multipart.code.tex 2023-01-15 v3.1.10 (3.1.10)
\pgfnodepartlowerbox=\box142
\pgfnodeparttwobox=\box143
\pgfnodepartthreebox=\box144
\pgfnodepartfourbox=\box145
\pgfnodeparttwentybox=\box146
\pgfnodepartnineteenbox=\box147
\pgfnodeparteighteenbox=\box148
\pgfnodepartseventeenbox=\box149
\pgfnodepartsixteenbox=\box150
\pgfnodepartfifteenbox=\box151
\pgfnodepartfourteenbox=\box152
\pgfnodepartthirteenbox=\box153
\pgfnodeparttwelvebox=\box154
\pgfnodepartelevenbox=\box155
\pgfnodeparttenbox=\box156
\pgfnodepartninebox=\box157
\pgfnodeparteightbox=\box158
\pgfnodepartsevenbox=\box159
\pgfnodepartsixbox=\box160
\pgfnodepartfivebox=\box161
)))
(/usr/local/texlive/2024/texmf-dist/tex/generic/pgf/frontendlayer/tikz/librarie
s/tikzlibraryshadows.code.tex
File: tikzlibraryshadows.code.tex 2023-01-15 v3.1.10 (3.1.10)

(/usr/local/texlive/2024/texmf-dist/tex/generic/pgf/frontendlayer/tikz/librarie
s/tikzlibraryfadings.code.tex
File: tikzlibraryfadings.code.tex 2023-01-15 v3.1.10 (3.1.10)

(/usr/local/texlive/2024/texmf-dist/tex/generic/pgf/libraries/pgflibraryfadings
.code.tex
File: pgflibraryfadings.code.tex 2023-01-15 v3.1.10 (3.1.10)
)))
(/usr/local/texlive/2024/texmf-dist/tex/generic/pgf/frontendlayer/tikz/librarie
s/tikzlibrarypatterns.code.tex
File: tikzlibrarypatterns.code.tex 2023-01-15 v3.1.10 (3.1.10)

(/usr/local/texlive/2024/texmf-dist/tex/generic/pgf/libraries/pgflibrarypattern
s.code.tex
File: pgflibrarypatterns.code.tex 2023-01-15 v3.1.10 (3.1.10)
))
(/usr/local/texlive/2024/texmf-dist/tex/generic/pgf/frontendlayer/tikz/librarie
s/tikzlibrarydecorations.markings.code.tex
(/usr/local/texlive/2024/texmf-dist/tex/generic/pgf/libraries/decorations/pgfli
brarydecorations.markings.code.tex))
(/usr/local/texlive/2024/texmf-dist/tex/latex/parskip/parskip.sty
Package: parskip 2021-03-14 v2.0h non-zero parskip adjustments
) (./main.aux)
\openout1 = `main.aux'.

LaTeX Font Info:    Checking defaults for OML/cmm/m/it on input line 819.
LaTeX Font Info:    ... okay on input line 819.
LaTeX Font Info:    Checking defaults for OMS/cmsy/m/n on input line 819.
LaTeX Font Info:    ... okay on input line 819.
LaTeX Font Info:    Checking defaults for OT1/cmr/m/n on input line 819.
LaTeX Font Info:    ... okay on input line 819.
LaTeX Font Info:    Checking defaults for T1/cmr/m/n on input line 819.
LaTeX Font Info:    ... okay on input line 819.
LaTeX Font Info:    Checking defaults for TS1/cmr/m/n on input line 819.
LaTeX Font Info:    ... okay on input line 819.
LaTeX Font Info:    Checking defaults for TU/lmr/m/n on input line 819.
LaTeX Font Info:    ... okay on input line 819.
LaTeX Font Info:    Checking defaults for OMX/cmex/m/n on input line 819.
LaTeX Font Info:    ... okay on input line 819.
LaTeX Font Info:    Checking defaults for U/cmr/m/n on input line 819.
LaTeX Font Info:    ... okay on input line 819.
LaTeX Font Info:    Checking defaults for PD1/pdf/m/n on input line 819.
LaTeX Font Info:    ... okay on input line 819.
LaTeX Font Info:    Checking defaults for PU/pdf/m/n on input line 819.
LaTeX Font Info:    ... okay on input line 819.
*geometry* driver: auto-detecting
*geometry* detected driver: xetex
*geometry* verbose mode - [ preamble ] result:
* driver: xetex
* paper: letterpaper
* layout: <same size as paper>
* layoutoffset:(h,v)=(0.0pt,0.0pt)
* modes: 
* h-part:(L,W,R)=(72.26999pt, 469.75502pt, 72.26999pt)
* v-part:(T,H,B)=(72.26999pt, 650.43001pt, 72.26999pt)
* \paperwidth=614.295pt
* \paperheight=794.96999pt
* \textwidth=469.75502pt
* \textheight=650.43001pt
* \oddsidemargin=0.0pt
* \evensidemargin=0.0pt
* \topmargin=-30.06749pt
* \headheight=12.0pt
* \headsep=18.06749pt
* \topskip=10.0pt
* \footskip=25.29494pt
* \marginparwidth=69.0pt
* \marginparsep=7.0pt
* \columnsep=10.0pt
* \skip\footins=9.0pt plus 4.0pt minus 2.0pt
* \hoffset=0.0pt
* \voffset=0.0pt
* \mag=1000
* \@twocolumnfalse
* \@twosidefalse
* \@mparswitchfalse
* \@reversemarginfalse
* (1in=72.27pt=25.4mm, 1cm=28.453pt)


Package fontspec Info: 
(fontspec)             Adjusting the maths setup (use [no-math] to avoid
(fontspec)             this).

\symlegacymaths=\mathgroup6
LaTeX Font Info:    Overwriting symbol font `legacymaths' in version `bold'
(Font)                  OT1/cmr/m/n --> OT1/cmr/bx/n on input line 819.
LaTeX Font Info:    Redeclaring math accent \acute on input line 819.
LaTeX Font Info:    Redeclaring math accent \grave on input line 819.
LaTeX Font Info:    Redeclaring math accent \ddot on input line 819.
LaTeX Font Info:    Redeclaring math accent \tilde on input line 819.
LaTeX Font Info:    Redeclaring math accent \bar on input line 819.
LaTeX Font Info:    Redeclaring math accent \breve on input line 819.
LaTeX Font Info:    Redeclaring math accent \check on input line 819.
LaTeX Font Info:    Redeclaring math accent \hat on input line 819.
LaTeX Font Info:    Redeclaring math accent \dot on input line 819.
LaTeX Font Info:    Redeclaring math accent \mathring on input line 819.
LaTeX Font Info:    Redeclaring math symbol \Gamma on input line 819.
LaTeX Font Info:    Redeclaring math symbol \Delta on input line 819.
LaTeX Font Info:    Redeclaring math symbol \Theta on input line 819.
LaTeX Font Info:    Redeclaring math symbol \Lambda on input line 819.
LaTeX Font Info:    Redeclaring math symbol \Xi on input line 819.
LaTeX Font Info:    Redeclaring math symbol \Pi on input line 819.
LaTeX Font Info:    Redeclaring math symbol \Sigma on input line 819.
LaTeX Font Info:    Redeclaring math symbol \Upsilon on input line 819.
LaTeX Font Info:    Redeclaring math symbol \Phi on input line 819.
LaTeX Font Info:    Redeclaring math symbol \Psi on input line 819.
LaTeX Font Info:    Redeclaring math symbol \Omega on input line 819.
LaTeX Font Info:    Redeclaring math symbol \mathdollar on input line 819.
LaTeX Font Info:    Redeclaring symbol font `operators' on input line 819.
LaTeX Font Info:    Encoding `OT1' has changed to `TU' for symbol font
(Font)              `operators' in the math version `normal' on input line 819.

LaTeX Font Info:    Overwriting symbol font `operators' in version `normal'
(Font)                  OT1/cmr/m/n --> TU/lmr/m/n on input line 819.
LaTeX Font Info:    Encoding `OT1' has changed to `TU' for symbol font
(Font)              `operators' in the math version `bold' on input line 819.
LaTeX Font Info:    Overwriting symbol font `operators' in version `bold'
(Font)                  OT1/cmr/bx/n --> TU/lmr/m/n on input line 819.
LaTeX Font Info:    Overwriting symbol font `operators' in version `normal'
(Font)                  TU/lmr/m/n --> TU/lmr/m/n on input line 819.
LaTeX Font Info:    Overwriting math alphabet `\mathit' in version `normal'
(Font)                  OT1/cmr/m/it --> TU/lmr/m/it on input line 819.
LaTeX Font Info:    Overwriting math alphabet `\mathbf' in version `normal'
(Font)                  OT1/cmr/bx/n --> TU/lmr/b/n on input line 819.
LaTeX Font Info:    Overwriting math alphabet `\mathsf' in version `normal'
(Font)                  OT1/cmss/m/n --> TU/lmss/m/n on input line 819.
LaTeX Font Info:    Overwriting math alphabet `\mathtt' in version `normal'
(Font)                  OT1/cmtt/m/n --> TU/Inconsolatazi4-Regular.otf(0)/m/n o
n input line 819.
LaTeX Font Info:    Overwriting symbol font `operators' in version `bold'
(Font)                  TU/lmr/m/n --> TU/lmr/b/n on input line 819.
LaTeX Font Info:    Overwriting math alphabet `\mathit' in version `bold'
(Font)                  OT1/cmr/bx/it --> TU/lmr/b/it on input line 819.
LaTeX Font Info:    Overwriting math alphabet `\mathsf' in version `bold'
(Font)                  OT1/cmss/bx/n --> TU/lmss/b/n on input line 819.
LaTeX Font Info:    Overwriting math alphabet `\mathtt' in version `bold'
(Font)                  OT1/cmtt/m/n --> TU/Inconsolatazi4-Regular.otf(0)/b/n o
n input line 819.
(/usr/local/texlive/2024/texmf-dist/tex/latex/upquote/upquote.sty
Package: upquote 2012/04/19 v1.3 upright-quote and grave-accent glyphs in verba
tim
)
LaTeX Info: Redefining \microtypecontext on input line 819.
Package microtype Info: Applying patch `item' on input line 819.
Package microtype Info: Applying patch `toc' on input line 819.
Package microtype Info: Applying patch `eqnum' on input line 819.
Package microtype Info: Applying patch `footnote' on input line 819.
Package microtype Info: Applying patch `verbatim' on input line 819.
LaTeX Info: Redefining \microtypesetup on input line 819.
Package microtype Info: Character protrusion enabled (level 2).
Package microtype Info: Using default protrusion set `alltext'.
Package microtype Info: No adjustment of tracking.
Package microtype Info: No adjustment of spacing.
Package microtype Info: No adjustment of kerning.

(/usr/local/texlive/2024/texmf-dist/tex/latex/microtype/mt-LatinModernRoman.cfg
File: mt-LatinModernRoman.cfg 2021/02/21 v1.1 microtype config. file: Latin Mod
ern Roman (RS)
)
Package hyperref Info: Link coloring ON on input line 819.
 (./main.out) (./main.out)
\@outlinefile=\write6
\openout6 = `main.out'.



Package pgfplots Warning: running in backwards compatibility mode (unsuitable t
ick labels; missing features). Consider writing \pgfplotsset{compat=1.18} into 
your preamble.
 on input line 819.



[1


]

[2

]

[3

]
************************************************
Preface Official description
************************************************
File: external/rayleigh_tubulence.jpg Graphic file (type bmp)
<external/rayleigh_tubulence.jpg>


[4


]
************************************************
Preface History of the unit
************************************************


[5]
************************************************
Preface Related units at Bath
************************************************


[6

]
LaTeX Font Info:    Trying to load font information for U+msa on input line 911
.
 (/usr/local/texlive/2024/texmf-dist/tex/latex/amsfonts/umsa.fd
File: umsa.fd 2013/01/14 v3.01 AMS symbols A
)
(/usr/local/texlive/2024/texmf-dist/tex/latex/microtype/mt-msa.cfg
File: mt-msa.cfg 2006/02/04 v1.1 microtype config. file: AMS symbols (a) (RS)
)
LaTeX Font Info:    Trying to load font information for U+msb on input line 911
.

(/usr/local/texlive/2024/texmf-dist/tex/latex/amsfonts/umsb.fd
File: umsb.fd 2013/01/14 v3.01 AMS symbols B
)
(/usr/local/texlive/2024/texmf-dist/tex/latex/microtype/mt-msb.cfg
File: mt-msb.cfg 2005/06/01 v1.0 microtype config. file: AMS symbols (b) (RS)
)
(/usr/local/texlive/2024/texmf-dist/tex/latex/microtype/mt-cmr.cfg
File: mt-cmr.cfg 2013/05/19 v2.2 microtype config. file: Computer Modern Roman 
(RS)
)
************************************************
Preface Moodle and other references
************************************************


[7

]
File: external/intro_book_acheson.png Graphic file (type bmp)
<external/intro_book_acheson.png>
File: external/ch-frontmatter-9781108583756.jpg Graphic file (type bmp)
<external/ch-frontmatter-9781108583756.jpg>
File: external/intro_book_vandyke.png Graphic file (type bmp)
<external/intro_book_vandyke.png>


[8

]
File: external/intro_book_eng.png Graphic file (type bmp)
<external/intro_book_eng.png>

************************************************
Preface Downloads
************************************************


[9]

[10

] (./main.toc)
\tf@toc=\write7
\openout7 = `main.toc'.



[11

]
************************************************
Chapter 1 Introduction
************************************************
Chapter 1.

Underfull \hbox (badness 10000) in paragraph at lines 990--992

 []

Package microtype Info: Loading generic protrusion settings for font family
(microtype)             `Inconsolatazi4-Regular.otf' (encoding: TU).
(microtype)             For optimal results, create family-specific settings.
(microtype)             See the microtype manual for details.
Missing character: There is no ├ (U+251C) in font [Inconsolatazi4-Regular.otf]/
OT:script=latn;language=dflt;+ss01;+ss03;!
Missing character: There is no ─ (U+2500) in font [Inconsolatazi4-Regular.otf]/
OT:script=latn;language=dflt;+ss01;+ss03;!
Missing character: There is no ─ (U+2500) in font [Inconsolatazi4-Regular.otf]/
OT:script=latn;language=dflt;+ss01;+ss03;!
Missing character: There is no │ (U+2502) in font [Inconsolatazi4-Regular.otf]/
OT:script=latn;language=dflt;+ss01;+ss03;!
Missing character: There is no ├ (U+251C) in font [Inconsolatazi4-Regular.otf]/
OT:script=latn;language=dflt;+ss01;+ss03;!
Missing character: There is no ─ (U+2500) in font [Inconsolatazi4-Regular.otf]/
OT:script=latn;language=dflt;+ss01;+ss03;!
Missing character: There is no ─ (U+2500) in font [Inconsolatazi4-Regular.otf]/
OT:script=latn;language=dflt;+ss01;+ss03;!
Missing character: There is no │ (U+2502) in font [Inconsolatazi4-Regular.otf]/
OT:script=latn;language=dflt;+ss01;+ss03;!
Missing character: There is no ├ (U+251C) in font [Inconsolatazi4-Regular.otf]/
OT:script=latn;language=dflt;+ss01;+ss03;!
Missing character: There is no ─ (U+2500) in font [Inconsolatazi4-Regular.otf]/
OT:script=latn;language=dflt;+ss01;+ss03;!
Missing character: There is no ─ (U+2500) in font [Inconsolatazi4-Regular.otf]/
OT:script=latn;language=dflt;+ss01;+ss03;!
Missing character: There is no │ (U+2502) in font [Inconsolatazi4-Regular.otf]/
OT:script=latn;language=dflt;+ss01;+ss03;!
Missing character: There is no └ (U+2514) in font [Inconsolatazi4-Regular.otf]/
OT:script=latn;language=dflt;+ss01;+ss03;!
Missing character: There is no ─ (U+2500) in font [Inconsolatazi4-Regular.otf]/
OT:script=latn;language=dflt;+ss01;+ss03;!
Missing character: There is no ─ (U+2500) in font [Inconsolatazi4-Regular.otf]/
OT:script=latn;language=dflt;+ss01;+ss03;!
Missing character: There is no │ (U+2502) in font [Inconsolatazi4-Regular.otf]/
OT:script=latn;language=dflt;+ss01;+ss03;!
Missing character: There is no └ (U+2514) in font [Inconsolatazi4-Regular.otf]/
OT:script=latn;language=dflt;+ss01;+ss03;!
Missing character: There is no ─ (U+2500) in font [Inconsolatazi4-Regular.otf]/
OT:script=latn;language=dflt;+ss01;+ss03;!
Missing character: There is no ─ (U+2500) in font [Inconsolatazi4-Regular.otf]/
OT:script=latn;language=dflt;+ss01;+ss03;!
Missing character: There is no ├ (U+251C) in font [Inconsolatazi4-Regular.otf]/
OT:script=latn;language=dflt;+ss01;+ss03;!
Missing character: There is no ─ (U+2500) in font [Inconsolatazi4-Regular.otf]/
OT:script=latn;language=dflt;+ss01;+ss03;!
Missing character: There is no ─ (U+2500) in font [Inconsolatazi4-Regular.otf]/
OT:script=latn;language=dflt;+ss01;+ss03;!
Missing character: There is no │ (U+2502) in font [Inconsolatazi4-Regular.otf]/
OT:script=latn;language=dflt;+ss01;+ss03;!
Missing character: There is no ├ (U+251C) in font [Inconsolatazi4-Regular.otf]/
OT:script=latn;language=dflt;+ss01;+ss03;!
Missing character: There is no ─ (U+2500) in font [Inconsolatazi4-Regular.otf]/
OT:script=latn;language=dflt;+ss01;+ss03;!
Missing character: There is no ─ (U+2500) in font [Inconsolatazi4-Regular.otf]/
OT:script=latn;language=dflt;+ss01;+ss03;!
Missing character: There is no │ (U+2502) in font [Inconsolatazi4-Regular.otf]/
OT:script=latn;language=dflt;+ss01;+ss03;!
Missing character: There is no └ (U+2514) in font [Inconsolatazi4-Regular.otf]/
OT:script=latn;language=dflt;+ss01;+ss03;!
Missing character: There is no ─ (U+2500) in font [Inconsolatazi4-Regular.otf]/
OT:script=latn;language=dflt;+ss01;+ss03;!
Missing character: There is no ─ (U+2500) in font [Inconsolatazi4-Regular.otf]/
OT:script=latn;language=dflt;+ss01;+ss03;!
Missing character: There is no │ (U+2502) in font [Inconsolatazi4-Regular.otf]/
OT:script=latn;language=dflt;+ss01;+ss03;!
Missing character: There is no ├ (U+251C) in font [Inconsolatazi4-Regular.otf]/
OT:script=latn;language=dflt;+ss01;+ss03;!
Missing character: There is no ─ (U+2500) in font [Inconsolatazi4-Regular.otf]/
OT:script=latn;language=dflt;+ss01;+ss03;!
Missing character: There is no ─ (U+2500) in font [Inconsolatazi4-Regular.otf]/
OT:script=latn;language=dflt;+ss01;+ss03;!
Missing character: There is no │ (U+2502) in font [Inconsolatazi4-Regular.otf]/
OT:script=latn;language=dflt;+ss01;+ss03;!
Missing character: There is no ├ (U+251C) in font [Inconsolatazi4-Regular.otf]/
OT:script=latn;language=dflt;+ss01;+ss03;!
Missing character: There is no ─ (U+2500) in font [Inconsolatazi4-Regular.otf]/
OT:script=latn;language=dflt;+ss01;+ss03;!
Missing character: There is no ─ (U+2500) in font [Inconsolatazi4-Regular.otf]/
OT:script=latn;language=dflt;+ss01;+ss03;!
Missing character: There is no │ (U+2502) in font [Inconsolatazi4-Regular.otf]/
OT:script=latn;language=dflt;+ss01;+ss03;!
Missing character: There is no ├ (U+251C) in font [Inconsolatazi4-Regular.otf]/
OT:script=latn;language=dflt;+ss01;+ss03;!
Missing character: There is no ─ (U+2500) in font [Inconsolatazi4-Regular.otf]/
OT:script=latn;language=dflt;+ss01;+ss03;!
Missing character: There is no ─ (U+2500) in font [Inconsolatazi4-Regular.otf]/
OT:script=latn;language=dflt;+ss01;+ss03;!
Missing character: There is no │ (U+2502) in font [Inconsolatazi4-Regular.otf]/
OT:script=latn;language=dflt;+ss01;+ss03;!
Missing character: There is no └ (U+2514) in font [Inconsolatazi4-Regular.otf]/
OT:script=latn;language=dflt;+ss01;+ss03;!
Missing character: There is no ─ (U+2500) in font [Inconsolatazi4-Regular.otf]/
OT:script=latn;language=dflt;+ss01;+ss03;!
Missing character: There is no ─ (U+2500) in font [Inconsolatazi4-Regular.otf]/
OT:script=latn;language=dflt;+ss01;+ss03;!
Missing character: There is no │ (U+2502) in font [Inconsolatazi4-Regular.otf]/
OT:script=latn;language=dflt;+ss01;+ss03;!
Missing character: There is no ├ (U+251C) in font [Inconsolatazi4-Regular.otf]/
OT:script=latn;language=dflt;+ss01;+ss03;!
Missing character: There is no ─ (U+2500) in font [Inconsolatazi4-Regular.otf]/
OT:script=latn;language=dflt;+ss01;+ss03;!
Missing character: There is no ─ (U+2500) in font [Inconsolatazi4-Regular.otf]/
OT:script=latn;language=dflt;+ss01;+ss03;!
Missing character: There is no │ (U+2502) in font [Inconsolatazi4-Regular.otf]/
OT:script=latn;language=dflt;+ss01;+ss03;!
Missing character: There is no ├ (U+251C) in font [Inconsolatazi4-Regular.otf]/
OT:script=latn;language=dflt;+ss01;+ss03;!
Missing character: There is no ─ (U+2500) in font [Inconsolatazi4-Regular.otf]/
OT:script=latn;language=dflt;+ss01;+ss03;!
Missing character: There is no ─ (U+2500) in font [Inconsolatazi4-Regular.otf]/
OT:script=latn;language=dflt;+ss01;+ss03;!
Missing character: There is no │ (U+2502) in font [Inconsolatazi4-Regular.otf]/
OT:script=latn;language=dflt;+ss01;+ss03;!
Missing character: There is no └ (U+2514) in font [Inconsolatazi4-Regular.otf]/
OT:script=latn;language=dflt;+ss01;+ss03;!
Missing character: There is no ─ (U+2500) in font [Inconsolatazi4-Regular.otf]/
OT:script=latn;language=dflt;+ss01;+ss03;!
Missing character: There is no ─ (U+2500) in font [Inconsolatazi4-Regular.otf]/
OT:script=latn;language=dflt;+ss01;+ss03;!
Missing character: There is no │ (U+2502) in font [Inconsolatazi4-Regular.otf]/
OT:script=latn;language=dflt;+ss01;+ss03;!
Missing character: There is no └ (U+2514) in font [Inconsolatazi4-Regular.otf]/
OT:script=latn;language=dflt;+ss01;+ss03;!
Missing character: There is no ─ (U+2500) in font [Inconsolatazi4-Regular.otf]/
OT:script=latn;language=dflt;+ss01;+ss03;!
Missing character: There is no ─ (U+2500) in font [Inconsolatazi4-Regular.otf]/
OT:script=latn;language=dflt;+ss01;+ss03;!
Missing character: There is no ├ (U+251C) in font [Inconsolatazi4-Regular.otf]/
OT:script=latn;language=dflt;+ss01;+ss03;!
Missing character: There is no ─ (U+2500) in font [Inconsolatazi4-Regular.otf]/
OT:script=latn;language=dflt;+ss01;+ss03;!
Missing character: There is no ─ (U+2500) in font [Inconsolatazi4-Regular.otf]/
OT:script=latn;language=dflt;+ss01;+ss03;!
Missing character: There is no ├ (U+251C) in font [Inconsolatazi4-Regular.otf]/
OT:script=latn;language=dflt;+ss01;+ss03;!
Missing character: There is no ─ (U+2500) in font [Inconsolatazi4-Regular.otf]/
OT:script=latn;language=dflt;+ss01;+ss03;!
Missing character: There is no ─ (U+2500) in font [Inconsolatazi4-Regular.otf]/
OT:script=latn;language=dflt;+ss01;+ss03;!
Missing character: There is no └ (U+2514) in font [Inconsolatazi4-Regular.otf]/
OT:script=latn;language=dflt;+ss01;+ss03;!
Missing character: There is no ─ (U+2500) in font [Inconsolatazi4-Regular.otf]/
OT:script=latn;language=dflt;+ss01;+ss03;!
Missing character: There is no ─ (U+2500) in font [Inconsolatazi4-Regular.otf]/
OT:script=latn;language=dflt;+ss01;+ss03;!


[1


]

LaTeX Warning: Hyper reference `ch-chapter03-equations' on page 2 undefined on 
input line 1033.


LaTeX Warning: Reference `ch-chapter03-equations' on page 2 undefined on input 
line 1033.

File: external/airfoil.png Graphic file (type bmp)
<external/airfoil.png>


[2]

LaTeX Warning: Hyper reference `ch-chapter04-potentialflows' on page 3 undefine
d on input line 1046.


LaTeX Warning: Reference `ch-chapter04-potentialflows' on page 3 undefined on i
nput line 1046.

File: external/kelvinwave.png Graphic file (type bmp)
<external/kelvinwave.png>


[3]

LaTeX Warning: Hyper reference `ch-chapter05-waves' on page 4 undefined on inpu
t line 1057.


LaTeX Warning: Reference `ch-chapter05-waves' on page 4 undefined on input line
 1057.

File: external/vortexring.png Graphic file (type bmp)
<external/vortexring.png>


[4]
File: external/turbulence.png Graphic file (type bmp)
<external/turbulence.png>


[5]
Underfull \hbox (badness 2837) in paragraph at lines 1071--1072
\TU/Inconsolatazi4-Regular.otf(0)/m/n/10 [cross-reference to target(s) []ch-vis
cousflows[] missing or not unique]\TU/lmr/m/n/10 . For this, the Euler
 []

************************************************
Section 1.1 A reminder of vector calculus
************************************************
File: external/GreenEssay.png Graphic file (type bmp)
<external/GreenEssay.png>


[6]
************************************************
Section 1.2 A reminder of complex variables
************************************************

LaTeX Warning: Hyper reference `ch-chapter04-potentialflows' on page 7 undefine
d on input line 1112.


LaTeX Warning: Reference `ch-chapter04-potentialflows' on page 7 undefined on i
nput line 1112.

File: external/intro_needham.png Graphic file (type bmp)
<external/intro_needham.png>


[7]
************************************************
Subsection 1.2.1 Basic complex representations
************************************************
************************************************
Subsection 1.2.2 Complex functions
************************************************
File: external/intro_z2map.png Graphic file (type bmp)
<external/intro_z2map.png>


[8]
File: external/intro_z2map_02.jpg Graphic file (type bmp)
<external/intro_z2map_02.jpg>


[9]
************************************************
Exercises 1.3 Exercises
************************************************
************************************************
Chapter 2 Kinematics
************************************************


[10]
Chapter 2.
File: external/01_euler_trim.png Graphic file (type bmp)
<external/01_euler_trim.png>
File: external/ch-chapter01-kinematics-tube01.png Graphic file (type bmp)
<external/ch-chapter01-kinematics-tube01.png>


[11

]
File: external/ch-chapter01-kinematics-tube02.png Graphic file (type bmp)
<external/ch-chapter01-kinematics-tube02.png>

************************************************
Section 2.1 Eulerian and Lagrangian coordinates
************************************************
File: external/ch-chapter01-kinematics-euler-vs-lagrange.png Graphic file (type
 bmp)
<external/ch-chapter01-kinematics-euler-vs-lagrange.png>


[12]

LaTeX Warning: Hyper reference `rem-continuum' on page 13 undefined on input li
ne 1285.


LaTeX Warning: Reference `rem-continuum' on page 13 undefined on input line 128
5.



[13]
************************************************
Subsection 2.1.1 The convective derivative
************************************************


[14]

[15]
************************************************
Section 2.2 Flow visualisation, fluxes, and forces
************************************************
************************************************
Subsection 2.2.1 Definitions of streamlines, pathlines, streaklines
************************************************


[16]
************************************************
Subsection 2.2.2 Examples of streamlines, pathlines, and streaklines
************************************************
File: external/directionfieldexample.png Graphic file (type bmp)
<external/directionfieldexample.png>


[17]
File: external/streamlines_example02.png Graphic file (type bmp)
<external/streamlines_example02.png>


[18]
File: external/hose01.png Graphic file (type bmp)
<external/hose01.png>
File: external/hose02.png Graphic file (type bmp)
<external/hose02.png>


[19]

[20]
************************************************
Subsection 2.2.3 Fluxes and forces
************************************************


[21]

[22]
************************************************
Exercises 2.3 Exercises
************************************************

LaTeX Warning: Hyper reference `solutions' on page 23 undefined on input line 1
677.


LaTeX Warning: Reference `solutions' on page 23 undefined on input line 1677.


LaTeX Warning: Hyper reference `eq-polarcartunitvectors-r' on page 23 undefined
 on input line 1720.


LaTeX Warning: Reference `eq-polarcartunitvectors-r' on page 23 undefined on in
put line 1720.


LaTeX Warning: Hyper reference `eq-polarcartunitvectors-theta' on page 23 undef
ined on input line 1720.


LaTeX Warning: Reference `eq-polarcartunitvectors-theta' on page 23 undefined o
n input line 1720.


LaTeX Warning: Hyper reference `eq-polarcartunitvectors-z' on page 23 undefined
 on input line 1720.


LaTeX Warning: Reference `eq-polarcartunitvectors-z' on page 23 undefined on in
put line 1720.



[23]
File: external/ch-chapter02-nozzle.png Graphic file (type bmp)
<external/ch-chapter02-nozzle.png>


[24]

[25]
************************************************
Chapter 3 Equations of motion
************************************************


[26]
Chapter 3.
File: external/ch-chapter01-equations-fluid.png Graphic file (type bmp)
<external/ch-chapter01-equations-fluid.png>

LaTeX Warning: Hyper reference `fig-density-continuum' on page 27 undefined on 
input line 1838.


LaTeX Warning: Reference `fig-density-continuum' on page 27 undefined on input 
line 1838.

File: external/ch-chapter03-density-measurement2.jpg Graphic file (type bmp)
<external/ch-chapter03-density-measurement2.jpg>


[27

]

[28]
File: external/saltflow.png Graphic file (type bmp)
<external/saltflow.png>


LaTeX Warning: Hyper reference `eqn-mass' on page 29 undefined on input line 18
70.


LaTeX Warning: Reference `eqn-mass' on page 29 undefined on input line 1870.

************************************************
Section 3.1 Reynolds' Transport Theorem
************************************************
************************************************
Subsection 3.1.1 Jacobian of Lagrangian to Eulerian
************************************************


[29]
************************************************
Subsection 3.1.2 Reynolds' Transport Theorem
************************************************

LaTeX Warning: Hyper reference `thm-Euleridentity' on page 30 undefined on inpu
t line 1970.


LaTeX Warning: Reference `thm-Euleridentity' on page 30 undefined on input line
 1970.



[30]

LaTeX Warning: Hyper reference `eqn-RTT' on page 31 undefined on input line 199
2.


LaTeX Warning: Reference `eqn-RTT' on page 31 undefined on input line 1992.


LaTeX Warning: Hyper reference `eqn-RTT' on page 31 undefined on input line 199
3.


LaTeX Warning: Reference `eqn-RTT' on page 31 undefined on input line 1993.



[31]

LaTeX Warning: Hyper reference `eqn-RTT' on page 32 undefined on input line 200
5.


LaTeX Warning: Reference `eqn-RTT' on page 32 undefined on input line 2005.

************************************************
Section 3.2 Conservation of mass
************************************************

LaTeX Warning: Hyper reference `thm-RTT' on page 32 undefined on input line 204
2.


LaTeX Warning: Reference `thm-RTT' on page 32 undefined on input line 2042.


LaTeX Warning: Hyper reference `thm-RTT' on page 32 undefined on input line 205
0.


LaTeX Warning: Reference `thm-RTT' on page 32 undefined on input line 2050.


LaTeX Warning: Hyper reference `eqn-consvmass1' on page 32 undefined on input l
ine 2055.


LaTeX Warning: Reference `eqn-consvmass1' on page 32 undefined on input line 20
55.


LaTeX Warning: Hyper reference `eqn-consvmass2' on page 32 undefined on input l
ine 2057.


LaTeX Warning: Reference `eqn-consvmass2' on page 32 undefined on input line 20
57.



[32]
************************************************
Subsection 3.2.1 Derivation of mass conservation using Eulerian methods
************************************************

LaTeX Warning: Hyper reference `thm-mass' on page 33 undefined on input line 20
82.


LaTeX Warning: Reference `thm-mass' on page 33 undefined on input line 2082.


LaTeX Warning: Hyper reference `fig-normalvolume' on page 33 undefined on input
 line 2084.


LaTeX Warning: Reference `fig-normalvolume' on page 33 undefined on input line 
2084.

File: external/ch-chapter01-equations-09-54-13.png Graphic file (type bmp)
<external/ch-chapter01-equations-09-54-13.png>


[33]

LaTeX Warning: Hyper reference `fig-normalvolume' on page 34 undefined on input
 line 2116.


LaTeX Warning: Reference `fig-normalvolume' on page 34 undefined on input line 
2116.


LaTeX Warning: Hyper reference `eqn-integralconservation' on page 34 undefined 
on input line 2120.


LaTeX Warning: Reference `eqn-integralconservation' on page 34 undefined on inp
ut line 2120.



[34]

LaTeX Warning: Hyper reference `lem-bump' on page 35 undefined on input line 21
24.


LaTeX Warning: Reference `lem-bump' on page 35 undefined on input line 2124.


LaTeX Warning: Hyper reference `thm-mass' on page 35 undefined on input line 21
24.


LaTeX Warning: Reference `thm-mass' on page 35 undefined on input line 2124.

************************************************
Subsection 3.2.2 Corollary of the Transport Theorem
************************************************

LaTeX Warning: Hyper reference `thm-RTT' on page 35 undefined on input line 213
4.


LaTeX Warning: Reference `thm-RTT' on page 35 undefined on input line 2134.


LaTeX Warning: Hyper reference `eqn-consvmass1' on page 35 undefined on input l
ine 2134.


LaTeX Warning: Reference `eqn-consvmass1' on page 35 undefined on input line 21
34.


LaTeX Warning: Hyper reference `eqn-consvmass2' on page 35 undefined on input l
ine 2134.


LaTeX Warning: Reference `eqn-consvmass2' on page 35 undefined on input line 21
34.

************************************************
Section 3.3 Momentum balance
************************************************
************************************************
Subsection 3.3.1 Proof of the momentum equation for an inviscid fluid
************************************************


[35]

LaTeX Warning: Hyper reference `eqn-momentum-force' on page 36 undefined on inp
ut line 2208.


LaTeX Warning: Reference `eqn-momentum-force' on page 36 undefined on input lin
e 2208.



[36]

LaTeX Warning: Hyper reference `cor-convmass' on page 37 undefined on input lin
e 2246.


LaTeX Warning: Reference `cor-convmass' on page 37 undefined on input line 2246
.


LaTeX Warning: Hyper reference `thm-momentum' on page 37 undefined on input lin
e 2250.


LaTeX Warning: Reference `thm-momentum' on page 37 undefined on input line 2250
.

************************************************
Section 3.4 The Euler equations
************************************************
************************************************
Subsection 3.4.1 Incompressible fluids and the Euler equations
************************************************

LaTeX Warning: Hyper reference `thm-Euleridentity' on page 37 undefined on inpu
t line 2273.


LaTeX Warning: Reference `thm-Euleridentity' on page 37 undefined on input line
 2273.


LaTeX Warning: Hyper reference `eq-dxyz-Jacobian' on page 37 undefined on input
 line 2279.


LaTeX Warning: Reference `eq-dxyz-Jacobian' on page 37 undefined on input line 
2279.


LaTeX Warning: Hyper reference `eq-dxyz-Jacobian' on page 37 undefined on input
 line 2292.


LaTeX Warning: Reference `eq-dxyz-Jacobian' on page 37 undefined on input line 
2292.


LaTeX Warning: Hyper reference `thm-Euleridentity' on page 37 undefined on inpu
t line 2292.


LaTeX Warning: Reference `thm-Euleridentity' on page 37 undefined on input line
 2292.


LaTeX Warning: Hyper reference `thm-mass' on page 37 undefined on input line 22
99.


LaTeX Warning: Reference `thm-mass' on page 37 undefined on input line 2299.


LaTeX Warning: Hyper reference `thm-mass' on page 37 undefined on input line 23
01.


LaTeX Warning: Reference `thm-mass' on page 37 undefined on input line 2301.



[37]

LaTeX Warning: Hyper reference `thm-mass' on page 38 undefined on input line 23
10.


LaTeX Warning: Reference `thm-mass' on page 38 undefined on input line 2310.


LaTeX Warning: Hyper reference `thm-mass' on page 38 undefined on input line 23
12.


LaTeX Warning: Reference `thm-mass' on page 38 undefined on input line 2312.


LaTeX Warning: Hyper reference `eqn-divu' on page 38 undefined on input line 23
12.


LaTeX Warning: Reference `eqn-divu' on page 38 undefined on input line 2312.


LaTeX Warning: Hyper reference `thm-momentum' on page 38 undefined on input lin
e 2312.


LaTeX Warning: Reference `thm-momentum' on page 38 undefined on input line 2312
.


LaTeX Warning: Hyper reference `eqn-consvmass1' on page 38 undefined on input l
ine 2321.


LaTeX Warning: Reference `eqn-consvmass1' on page 38 undefined on input line 23
21.


LaTeX Warning: Hyper reference `def-incompressible' on page 38 undefined on inp
ut line 2321.


LaTeX Warning: Reference `def-incompressible' on page 38 undefined on input lin
e 2321.


LaTeX Warning: Hyper reference `eqn-divu' on page 38 undefined on input line 23
27.


LaTeX Warning: Reference `eqn-divu' on page 38 undefined on input line 2327.


LaTeX Warning: Hyper reference `eqn-consvmoment' on page 38 undefined on input 
line 2327.


LaTeX Warning: Reference `eqn-consvmoment' on page 38 undefined on input line 2
327.


Overfull \hbox (68.35498pt too wide) in paragraph at lines 2335--2336
[]\TU/lmr/m/n/10 Simple applications of the Euler equations are given in \TU/In
consolatazi4-Regular.otf(0)/m/n/10 [cross-reference to target(s) []ex-kelvin-ci
rculation-theorem[]
 []



[38]
************************************************
Subsection 3.4.2 Boundary conditions
************************************************
************************************************
Section 3.5 Bernoulli's equation
************************************************

LaTeX Warning: Hyper reference `eqn-euler-momentum' on page 39 undefined on inp
ut line 2376.


LaTeX Warning: Reference `eqn-euler-momentum' on page 39 undefined on input lin
e 2376.



[39]

LaTeX Warning: Hyper reference `eqn-consvmoment' on page 40 undefined on input 
line 2420.


LaTeX Warning: Reference `eqn-consvmoment' on page 40 undefined on input line 2
420.


LaTeX Warning: Hyper reference `eqn-ugradu' on page 40 undefined on input line 
2424.


LaTeX Warning: Reference `eqn-ugradu' on page 40 undefined on input line 2424.


LaTeX Warning: Hyper reference `eqn-vorticity' on page 40 undefined on input li
ne 2445.


LaTeX Warning: Reference `eqn-vorticity' on page 40 undefined on input line 244
5.


LaTeX Warning: Hyper reference `eqn-bernoulli-steady' on page 40 undefined on i
nput line 2445.


LaTeX Warning: Reference `eqn-bernoulli-steady' on page 40 undefined on input l
ine 2445.



[40]

LaTeX Warning: Hyper reference `thm-bernoulli-steady' on page 41 undefined on i
nput line 2455.


LaTeX Warning: Reference `thm-bernoulli-steady' on page 41 undefined on input l
ine 2455.


LaTeX Warning: Hyper reference `eqn-bernoulli-vorticity' on page 41 undefined o
n input line 2455.


LaTeX Warning: Reference `eqn-bernoulli-vorticity' on page 41 undefined on inpu
t line 2455.


LaTeX Warning: Hyper reference `eqn-bernoulli-vorticity' on page 41 undefined o
n input line 2474.


LaTeX Warning: Reference `eqn-bernoulli-vorticity' on page 41 undefined on inpu
t line 2474.


LaTeX Warning: Hyper reference `eqn-curlcross' on page 41 undefined on input li
ne 2478.


LaTeX Warning: Reference `eqn-curlcross' on page 41 undefined on input line 247
8.

************************************************
Subsection 3.5.1 Potential flow
************************************************

LaTeX Warning: Hyper reference `def-euler' on page 41 undefined on input line 2
500.


LaTeX Warning: Reference `def-euler' on page 41 undefined on input line 2500.



[41]

LaTeX Warning: Hyper reference `thm-bernoulli-steady' on page 42 undefined on i
nput line 2531.


LaTeX Warning: Reference `thm-bernoulli-steady' on page 42 undefined on input l
ine 2531.


LaTeX Warning: Hyper reference `eqn-bernoulli-steady' on page 42 undefined on i
nput line 2531.


LaTeX Warning: Reference `eqn-bernoulli-steady' on page 42 undefined on input l
ine 2531.

************************************************
Exercises 3.6 Exercises
************************************************

LaTeX Warning: Hyper reference `rem-continuum' on page 42 undefined on input li
ne 2564.


LaTeX Warning: Reference `rem-continuum' on page 42 undefined on input line 256
4.



[42]

LaTeX Warning: Hyper reference `lem-bump' on page 43 undefined on input line 25
69.


LaTeX Warning: Reference `lem-bump' on page 43 undefined on input line 2569.


LaTeX Warning: Hyper reference `thm-RTT' on page 43 undefined on input line 257
4.


LaTeX Warning: Reference `thm-RTT' on page 43 undefined on input line 2574.


LaTeX Warning: Hyper reference `ex-fig-leibnitz' on page 43 undefined on input 
line 2582.


LaTeX Warning: Reference `ex-fig-leibnitz' on page 43 undefined on input line 2
582.

File: external/equations_leibnitz.jpg Graphic file (type bmp)
<external/equations_leibnitz.jpg>

LaTeX Warning: Hyper reference `eqn-leibnitz-rule' on page 43 undefined on inpu
t line 2590.


LaTeX Warning: Reference `eqn-leibnitz-rule' on page 43 undefined on input line
 2590.


LaTeX Warning: Hyper reference `eqn-RTT' on page 43 undefined on input line 259
0.


LaTeX Warning: Reference `eqn-RTT' on page 43 undefined on input line 2590.



[43]

LaTeX Warning: Hyper reference `eqn-RTT' on page 44 undefined on input line 259
6.


LaTeX Warning: Reference `eqn-RTT' on page 44 undefined on input line 2596.


LaTeX Warning: Hyper reference `def-euler' on page 44 undefined on input line 2
603.


LaTeX Warning: Reference `def-euler' on page 44 undefined on input line 2603.


LaTeX Warning: Hyper reference `def-euler' on page 44 undefined on input line 2
612.


LaTeX Warning: Reference `def-euler' on page 44 undefined on input line 2612.



[44]
File: external/ch-chapter03-piston.png Graphic file (type bmp)
<external/ch-chapter03-piston.png>


LaTeX Warning: Hyper reference `def-euler' on page 45 undefined on input line 2
627.


LaTeX Warning: Reference `def-euler' on page 45 undefined on input line 2627.

File: external/clepsydra.png Graphic file (type bmp)
<external/clepsydra.png>


[45]
************************************************
Chapter 4 Potential flows
************************************************


[46]
Chapter 4.
File: generated/youtube/ch-chapter04-potentialflows-2-3-2.jpg Graphic file (typ
e bmp)
<generated/youtube/ch-chapter04-potentialflows-2-3-2.jpg>
File: generated/qrcode/ch-chapter04-potentialflows-2-3-2.png Graphic file (type
 bmp)
<generated/qrcode/ch-chapter04-potentialflows-2-3-2.png>
************************************************
Section 4.1 The velocity potential
************************************************

LaTeX Warning: Hyper reference `def-irrotational' on page 47 undefined on input
 line 2709.


LaTeX Warning: Reference `def-irrotational' on page 47 undefined on input line 
2709.



[47

]
File: external/potentialproof.jpg Graphic file (type bmp)
<external/potentialproof.jpg>


[48]

LaTeX Warning: Hyper reference `def-incompressible' on page 49 undefined on inp
ut line 2757.


LaTeX Warning: Reference `def-incompressible' on page 49 undefined on input lin
e 2757.


LaTeX Warning: Hyper reference `eqn-vel-potential' on page 49 undefined on inpu
t line 2767.


LaTeX Warning: Reference `eqn-vel-potential' on page 49 undefined on input line
 2767.


LaTeX Warning: Hyper reference `thm-bernoulli-potential' on page 49 undefined o
n input line 2767.


LaTeX Warning: Reference `thm-bernoulli-potential' on page 49 undefined on inpu
t line 2767.

************************************************
Subsection 4.1.1 Elementary flows
************************************************
File: external/uniformflow.pdf Graphic file (type pdf)
<use external/uniformflow.pdf>


[49]
File: external/stagnationflow.pdf Graphic file (type pdf)
<use external/stagnationflow.pdf>


[50]
File: external/linesource.pdf Graphic file (type pdf)
<use external/linesource.pdf>


[51]
File: external/movinglinesource.pdf Graphic file (type pdf)
<use external/movinglinesource.pdf>


[52]
************************************************
Section 4.2 The streamfunction
************************************************

LaTeX Warning: Hyper reference `eqn-2d-irrotational' on page 53 undefined on in
put line 2895.


LaTeX Warning: Reference `eqn-2d-irrotational' on page 53 undefined on input li
ne 2895.


LaTeX Warning: Hyper reference `eqn-2d-divu' on page 53 undefined on input line
 2895.


LaTeX Warning: Reference `eqn-2d-divu' on page 53 undefined on input line 2895.




[53]

LaTeX Warning: Hyper reference `thm-exist-potential' on page 54 undefined on in
put line 2907.


LaTeX Warning: Reference `thm-exist-potential' on page 54 undefined on input li
ne 2907.


LaTeX Warning: Hyper reference `eqn-2d-uv-streamfunction' on page 54 undefined 
on input line 2922.


LaTeX Warning: Reference `eqn-2d-uv-streamfunction' on page 54 undefined on inp
ut line 2922.


LaTeX Warning: Hyper reference `thm-streamfunction' on page 54 undefined on inp
ut line 2926.


LaTeX Warning: Reference `thm-streamfunction' on page 54 undefined on input lin
e 2926.

File: external/streamfunction.jpg Graphic file (type bmp)
<external/streamfunction.jpg>


[54]

LaTeX Warning: Hyper reference `fig-streamfunction' on page 55 undefined on inp
ut line 2946.


LaTeX Warning: Reference `fig-streamfunction' on page 55 undefined on input lin
e 2946.


LaTeX Warning: Hyper reference `thm-flux-streamlines' on page 55 undefined on i
nput line 2969.


LaTeX Warning: Reference `thm-flux-streamlines' on page 55 undefined on input l
ine 2969.



[55]

LaTeX Warning: Hyper reference `eqn-2d-uv-streamfunction' on page 56 undefined 
on input line 2990.


LaTeX Warning: Reference `eqn-2d-uv-streamfunction' on page 56 undefined on inp
ut line 2990.


LaTeX Warning: Hyper reference `eqn-2d-irrotational' on page 56 undefined on in
put line 2990.


LaTeX Warning: Reference `eqn-2d-irrotational' on page 56 undefined on input li
ne 2990.


LaTeX Warning: Hyper reference `example-potential-linesource' on page 56 undefi
ned on input line 2992.


LaTeX Warning: Reference `example-potential-linesource' on page 56 undefined on
 input line 2992.


LaTeX Warning: Hyper reference `eqn-2d-streamfunction' on page 56 undefined on 
input line 2992.


LaTeX Warning: Reference `eqn-2d-streamfunction' on page 56 undefined on input 
line 2992.


LaTeX Warning: Hyper reference `eqn-identity-curlpolar' on page 56 undefined on
 input line 2992.


LaTeX Warning: Reference `eqn-identity-curlpolar' on page 56 undefined on input
 line 2992.

************************************************
Subsection 4.2.1 Elementary flows
************************************************

LaTeX Warning: Hyper reference `sec-Potential-and-streamfunction' on page 56 un
defined on input line 3005.


LaTeX Warning: Reference `sec-Potential-and-streamfunction' on page 56 undefine
d on input line 3005.


LaTeX Warning: Hyper reference `example-potential-uniform' on page 56 undefined
 on input line 3008.


LaTeX Warning: Reference `example-potential-uniform' on page 56 undefined on in
put line 3008.


LaTeX Warning: Hyper reference `fig-potential-uniform' on page 56 undefined on 
input line 3016.


LaTeX Warning: Reference `fig-potential-uniform' on page 56 undefined on input 
line 3016.


LaTeX Warning: Hyper reference `example-potential-stagnation' on page 56 undefi
ned on input line 3020.


LaTeX Warning: Reference `example-potential-stagnation' on page 56 undefined on
 input line 3020.


LaTeX Warning: Hyper reference `fig-potential-stagnation' on page 56 undefined 
on input line 3024.


LaTeX Warning: Reference `fig-potential-stagnation' on page 56 undefined on inp
ut line 3024.


LaTeX Warning: Hyper reference `example-potential-linesource' on page 56 undefi
ned on input line 3028.


LaTeX Warning: Reference `example-potential-linesource' on page 56 undefined on
 input line 3028.


LaTeX Warning: Hyper reference `eqn-identity-grad-polar' on page 56 undefined o
n input line 3028.


LaTeX Warning: Reference `eqn-identity-grad-polar' on page 56 undefined on inpu
t line 3028.


LaTeX Warning: Hyper reference `eqn-streamfunction-polar' on page 56 undefined 
on input line 3032.


LaTeX Warning: Reference `eqn-streamfunction-polar' on page 56 undefined on inp
ut line 3032.


LaTeX Warning: Hyper reference `fig-potential-linesource' on page 56 undefined 
on input line 3036.


LaTeX Warning: Reference `fig-potential-linesource' on page 56 undefined on inp
ut line 3036.



[56]

LaTeX Warning: Hyper reference `example-streamfunction-linesource' on page 57 u
ndefined on input line 3038.


LaTeX Warning: Reference `example-streamfunction-linesource' on page 57 undefin
ed on input line 3038.


LaTeX Warning: Hyper reference `thm-exist-potential' on page 57 undefined on in
put line 3038.


LaTeX Warning: Reference `thm-exist-potential' on page 57 undefined on input li
ne 3038.


LaTeX Warning: Hyper reference `eqn-streamfunction-def-psi' on page 57 undefine
d on input line 3038.


LaTeX Warning: Reference `eqn-streamfunction-def-psi' on page 57 undefined on i
nput line 3038.


LaTeX Warning: Hyper reference `example-streamfunction-linesource' on page 57 u
ndefined on input line 3038.


LaTeX Warning: Reference `example-streamfunction-linesource' on page 57 undefin
ed on input line 3038.


LaTeX Warning: Hyper reference `example-potential-movingsource' on page 57 unde
fined on input line 3040.


LaTeX Warning: Reference `example-potential-movingsource' on page 57 undefined 
on input line 3040.


LaTeX Warning: Hyper reference `example-potential-linesource' on page 57 undefi
ned on input line 3054.


LaTeX Warning: Reference `example-potential-linesource' on page 57 undefined on
 input line 3054.

File: external/linevortex.pdf Graphic file (type pdf)
<use external/linevortex.pdf>

LaTeX Warning: Hyper reference `eqn-streamfunction-polar' on page 57 undefined 
on input line 3070.


LaTeX Warning: Reference `eqn-streamfunction-polar' on page 57 undefined on inp
ut line 3070.


LaTeX Warning: Hyper reference `example-potential-linesource' on page 57 undefi
ned on input line 3076.


LaTeX Warning: Reference `example-potential-linesource' on page 57 undefined on
 input line 3076.



[57]

[58]
************************************************
Section 4.3 The complex potential
************************************************
************************************************
Subsection 4.3.1 Cauchy's theorem and harmonic functions
************************************************


[59]

LaTeX Warning: Hyper reference `eqn-CR' on page 60 undefined on input line 3160
.


LaTeX Warning: Reference `eqn-CR' on page 60 undefined on input line 3160.


LaTeX Warning: Hyper reference `eqn-complex-derivative' on page 60 undefined on
 input line 3165.


LaTeX Warning: Reference `eqn-complex-derivative' on page 60 undefined on input
 line 3165.


LaTeX Warning: Hyper reference `eqn-CR' on page 60 undefined on input line 3179
.


LaTeX Warning: Reference `eqn-CR' on page 60 undefined on input line 3179.



[60]

LaTeX Warning: Hyper reference `eqn-2d-laplace' on page 61 undefined on input l
ine 3189.


LaTeX Warning: Reference `eqn-2d-laplace' on page 61 undefined on input line 31
89.


LaTeX Warning: Hyper reference `eqn-2d-streamfunction-laplace' on page 61 undef
ined on input line 3189.


LaTeX Warning: Reference `eqn-2d-streamfunction-laplace' on page 61 undefined o
n input line 3189.


LaTeX Warning: Hyper reference `thm-CR1' on page 61 undefined on input line 319
9.


LaTeX Warning: Reference `thm-CR1' on page 61 undefined on input line 3199.


LaTeX Warning: Hyper reference `thm-complex-inf-derivatives' on page 61 undefin
ed on input line 3199.


LaTeX Warning: Reference `thm-complex-inf-derivatives' on page 61 undefined on 
input line 3199.

************************************************
Subsection 4.3.2 Examples of elementary flows
************************************************

LaTeX Warning: Hyper reference `sec-Potential-and-streamfunction' on page 61 un
defined on input line 3222.


LaTeX Warning: Reference `sec-Potential-and-streamfunction' on page 61 undefine
d on input line 3222.



[61]

LaTeX Warning: Hyper reference `example-potential-uniform' on page 62 undefined
 on input line 3248.


LaTeX Warning: Reference `example-potential-uniform' on page 62 undefined on in
put line 3248.


LaTeX Warning: Hyper reference `example-potential-stagnation' on page 62 undefi
ned on input line 3256.


LaTeX Warning: Reference `example-potential-stagnation' on page 62 undefined on
 input line 3256.


LaTeX Warning: Hyper reference `example-potential-linesource' on page 62 undefi
ned on input line 3264.


LaTeX Warning: Reference `example-potential-linesource' on page 62 undefined on
 input line 3264.


LaTeX Warning: Hyper reference `eqn-complex-linesource' on page 62 undefined on
 input line 3281.


LaTeX Warning: Reference `eqn-complex-linesource' on page 62 undefined on input
 line 3281.


LaTeX Warning: Hyper reference `eqn-complex-velocity' on page 62 undefined on i
nput line 3281.


LaTeX Warning: Reference `eqn-complex-velocity' on page 62 undefined on input l
ine 3281.



[62]

LaTeX Warning: Hyper reference `example-streamfunction-linevortex' on page 63 u
ndefined on input line 3293.


LaTeX Warning: Reference `example-streamfunction-linevortex' on page 63 undefin
ed on input line 3293.


LaTeX Warning: Hyper reference `eqn-complex-logarithm' on page 63 undefined on 
input line 3295.


LaTeX Warning: Reference `eqn-complex-logarithm' on page 63 undefined on input 
line 3295.

************************************************
Section 4.4 The method of images
************************************************

LaTeX Warning: Hyper reference `note-noflux-BC' on page 63 undefined on input l
ine 3317.


LaTeX Warning: Reference `note-noflux-BC' on page 63 undefined on input line 33
17.

************************************************
Subsection 4.4.1 Planar boundaries: a half-plane
************************************************

LaTeX Warning: Hyper reference `image-planar01' on page 63 undefined on input l
ine 3330.


LaTeX Warning: Reference `image-planar01' on page 63 undefined on input line 33
30.

File: external/image-planar01.jpg Graphic file (type bmp)
<external/image-planar01.jpg>


[63]

LaTeX Warning: Hyper reference `eqn-complex-linesource' on page 64 undefined on
 input line 3337.


LaTeX Warning: Reference `eqn-complex-linesource' on page 64 undefined on input
 line 3337.



[64]

LaTeX Warning: Hyper reference `fig-image-planar02' on page 65 undefined on inp
ut line 3367.


LaTeX Warning: Reference `fig-image-planar02' on page 65 undefined on input lin
e 3367.

File: external/image-planar02.jpg Graphic file (type bmp)
<external/image-planar02.jpg>

LaTeX Warning: Hyper reference `eqn-complex-logarithm' on page 65 undefined on 
input line 3388.


LaTeX Warning: Reference `eqn-complex-logarithm' on page 65 undefined on input 
line 3388.



[65]
File: external/image-duallog.jpg Graphic file (type bmp)
<external/image-duallog.jpg>


[66]
************************************************
Section 4.5 Conformal mapping
************************************************

LaTeX Warning: Hyper reference `fig-conformal-general' on page 67 undefined on 
input line 3439.


LaTeX Warning: Reference `fig-conformal-general' on page 67 undefined on input 
line 3439.

File: external/conformal_generalmap.jpg Graphic file (type bmp)
<external/conformal_generalmap.jpg>
************************************************
Subsection 4.5.1 Source in a wedge
************************************************


[67]

LaTeX Warning: Hyper reference `fig-conformal-wedge' on page 68 undefined on in
put line 3466.


LaTeX Warning: Reference `fig-conformal-wedge' on page 68 undefined on input li
ne 3466.

File: external/conformal_wedge.jpg Graphic file (type bmp)
<external/conformal_wedge.jpg>
************************************************
Subsection 4.5.2 The conformal mapping method
************************************************


[68]
************************************************
Subsection 4.5.3 Standard conformal maps
************************************************

LaTeX Warning: Hyper reference `eqn-conformal-exp-map' on page 69 undefined on 
input line 3520.


LaTeX Warning: Reference `eqn-conformal-exp-map' on page 69 undefined on input 
line 3520.

File: external/conformal_exp.jpg Graphic file (type bmp)
<external/conformal_exp.jpg>

LaTeX Warning: Hyper reference `eqn-conformal-sin-map' on page 69 undefined on 
input line 3527.


LaTeX Warning: Reference `eqn-conformal-sin-map' on page 69 undefined on input 
line 3527.

File: external/conformal_sin.jpg Graphic file (type bmp)
<external/conformal_sin.jpg>


[69]

LaTeX Warning: Hyper reference `fig-conformal-sinh' on page 70 undefined on inp
ut line 3540.


LaTeX Warning: Reference `fig-conformal-sinh' on page 70 undefined on input lin
e 3540.

File: external/conformal_sinh.jpg Graphic file (type bmp)
<external/conformal_sinh.jpg>
************************************************
Section 4.6 Flow past an aerofoil
************************************************
************************************************
Subsection 4.6.1 Circle maps
************************************************


[70]

LaTeX Warning: Hyper reference `fig-conformal-circle-flow' on page 71 undefined
 on input line 3597.


LaTeX Warning: Reference `fig-conformal-circle-flow' on page 71 undefined on in
put line 3597.

File: external/conformal_circle_flow.png Graphic file (type bmp)
<external/conformal_circle_flow.png>

LaTeX Warning: Hyper reference `eqn-potential-uniform-past-circle' on page 71 u
ndefined on input line 3607.


LaTeX Warning: Reference `eqn-potential-uniform-past-circle' on page 71 undefin
ed on input line 3607.


LaTeX Warning: Hyper reference `thm-bernoulli-potential' on page 71 undefined o
n input line 3656.


LaTeX Warning: Reference `thm-bernoulli-potential' on page 71 undefined on inpu
t line 3656.


LaTeX Warning: Hyper reference `eqn-flow-over-circle-problem' on page 71 undefi
ned on input line 3665.


LaTeX Warning: Reference `eqn-flow-over-circle-problem' on page 71 undefined on
 input line 3665.

File: external/conformal_circle_with_vortex.png Graphic file (type bmp)
<external/conformal_circle_with_vortex.png>


[71]

[72]

[73]
************************************************
Subsection 4.6.2 The Joukowski map
************************************************


[74]

LaTeX Warning: Hyper reference `fig-conformal-joukowski01' on page 75 undefined
 on input line 3753.


LaTeX Warning: Reference `fig-conformal-joukowski01' on page 75 undefined on in
put line 3753.

File: external/conformal_joukowski01.png Graphic file (type bmp)
<external/conformal_joukowski01.png>

LaTeX Warning: Hyper reference `eqn-joukowski' on page 75 undefined on input li
ne 3758.


LaTeX Warning: Reference `eqn-joukowski' on page 75 undefined on input line 375
8.

File: external/conformal_joukowski02.png Graphic file (type bmp)
<external/conformal_joukowski02.png>

LaTeX Warning: Hyper reference `eqn-joukowski' on page 75 undefined on input li
ne 3765.


LaTeX Warning: Reference `eqn-joukowski' on page 75 undefined on input line 376
5.



[75]

LaTeX Warning: Hyper reference `eqn-joukowski' on page 76 undefined on input li
ne 3767.


LaTeX Warning: Reference `eqn-joukowski' on page 76 undefined on input line 376
7.


LaTeX Warning: Hyper reference `fig-conformal-joukowski03' on page 76 undefined
 on input line 3790.


LaTeX Warning: Reference `fig-conformal-joukowski03' on page 76 undefined on in
put line 3790.

File: external/conformal_joukowski03.png Graphic file (type bmp)
<external/conformal_joukowski03.png>


[76]
File: external/conformal_joukowski04.png Graphic file (type bmp)
<external/conformal_joukowski04.png>

************************************************
Exercises 4.7 Exercises
************************************************


[77]

LaTeX Warning: Hyper reference `thm-inviscid-force' on page 78 undefined on inp
ut line 3839.


LaTeX Warning: Reference `thm-inviscid-force' on page 78 undefined on input lin
e 3839.


LaTeX Warning: Hyper reference `thm-flux-streamlines' on page 78 undefined on i
nput line 3867.


LaTeX Warning: Reference `thm-flux-streamlines' on page 78 undefined on input l
ine 3867.



[78]

LaTeX Warning: Hyper reference `eqn-conformal-exp-map' on page 79 undefined on 
input line 3907.


LaTeX Warning: Reference `eqn-conformal-exp-map' on page 79 undefined on input 
line 3907.


LaTeX Warning: Hyper reference `eqn-conformal-sin-map' on page 79 undefined on 
input line 3907.


LaTeX Warning: Reference `eqn-conformal-sin-map' on page 79 undefined on input 
line 3907.



[79]

LaTeX Warning: Hyper reference `example-uniform-past-circle-with-vortex' on pag
e 80 undefined on input line 3938.


LaTeX Warning: Reference `example-uniform-past-circle-with-vortex' on page 80 u
ndefined on input line 3938.

************************************************
Chapter 5 Water waves
************************************************


[80]
Chapter 5.
************************************************
Section 5.1 Governing equations of water waves
************************************************
************************************************
Subsection 5.1.1 Boundary conditions
************************************************
************************************************
Subsubsection 5.1.1.1 Bottom boundary conditions
************************************************
************************************************
Subsubsection 5.1.1.2 Dynamic boundary conditions
************************************************


[81

]

LaTeX Warning: Hyper reference `eqn-bernoulli-unsteady-chap3' on page 82 undefi
ned on input line 4021.


LaTeX Warning: Reference `eqn-bernoulli-unsteady-chap3' on page 82 undefined on
 input line 4021.


LaTeX Warning: Hyper reference `eqn-bernoulli-unsteady-chap3' on page 82 undefi
ned on input line 4030.


LaTeX Warning: Reference `eqn-bernoulli-unsteady-chap3' on page 82 undefined on
 input line 4030.


LaTeX Warning: Hyper reference `eqn-bernoulli-unsteady-potential' on page 82 un
defined on input line 4048.


LaTeX Warning: Reference `eqn-bernoulli-unsteady-potential' on page 82 undefine
d on input line 4048.

************************************************
Subsubsection 5.1.1.3 Kinematic boundary conditions
************************************************


[82]
************************************************
Subsection 5.1.2 Summary of the governing equations
************************************************
************************************************
Section 5.2 Wave parameters
************************************************


[83]
************************************************
Section 5.3 Stokes waves
************************************************
************************************************
Subsection 5.3.1 Linearisation of the water-wave equations
************************************************

LaTeX Warning: Hyper reference `thm-waterwaves-governing' on page 84 undefined 
on input line 4183.


LaTeX Warning: Reference `thm-waterwaves-governing' on page 84 undefined on inp
ut line 4183.


LaTeX Warning: Hyper reference `etasmall' on page 84 undefined on input line 42
01.


LaTeX Warning: Reference `etasmall' on page 84 undefined on input line 4201.


LaTeX Warning: Hyper reference `phismall' on page 84 undefined on input line 42
01.


LaTeX Warning: Reference `phismall' on page 84 undefined on input line 4201.


LaTeX Warning: Hyper reference `wwfull02' on page 84 undefined on input line 42
07.


LaTeX Warning: Reference `wwfull02' on page 84 undefined on input line 4207.



[84]

LaTeX Warning: Hyper reference `wwfull03' on page 85 undefined on input line 42
29.


LaTeX Warning: Reference `wwfull03' on page 85 undefined on input line 4229.


LaTeX Warning: Hyper reference `eqn-waves-kinematiccondition01' on page 85 unde
fined on input line 4235.


LaTeX Warning: Reference `eqn-waves-kinematiccondition01' on page 85 undefined 
on input line 4235.


LaTeX Warning: Hyper reference `wwfull03' on page 85 undefined on input line 42
35.


LaTeX Warning: Reference `wwfull03' on page 85 undefined on input line 4235.



[85]
************************************************
Subsection 5.3.2 Solving for linear waves in infinite depth
************************************************

LaTeX Warning: Hyper reference `thm-waterwaves-equations' on page 86 undefined 
on input line 4269.


LaTeX Warning: Reference `thm-waterwaves-equations' on page 86 undefined on inp
ut line 4269.


LaTeX Warning: Hyper reference `ww02' on page 86 undefined on input line 4275.


LaTeX Warning: Reference `ww02' on page 86 undefined on input line 4275.


LaTeX Warning: Hyper reference `ww03' on page 86 undefined on input line 4275.


LaTeX Warning: Reference `ww03' on page 86 undefined on input line 4275.


LaTeX Warning: Hyper reference `eqn-linear-wave-phi' on page 86 undefined on in
put line 4281.


LaTeX Warning: Reference `eqn-linear-wave-phi' on page 86 undefined on input li
ne 4281.


LaTeX Warning: Hyper reference `ww01' on page 86 undefined on input line 4281.


LaTeX Warning: Reference `ww01' on page 86 undefined on input line 4281.


LaTeX Warning: Hyper reference `ww02' on page 86 undefined on input line 4287.


LaTeX Warning: Reference `ww02' on page 86 undefined on input line 4287.


LaTeX Warning: Hyper reference `ww03' on page 86 undefined on input line 4287.


LaTeX Warning: Reference `ww03' on page 86 undefined on input line 4287.


LaTeX Warning: Hyper reference `eqn-linear-wave-laplace-01' on page 86 undefine
d on input line 4295.


LaTeX Warning: Reference `eqn-linear-wave-laplace-01' on page 86 undefined on i
nput line 4295.


LaTeX Warning: Hyper reference `ww04-inf' on page 86 undefined on input line 42
99.


LaTeX Warning: Reference `ww04-inf' on page 86 undefined on input line 4299.

************************************************
Section 5.4 Generalisations of water waves
************************************************


[86]

LaTeX Warning: Hyper reference `eqn-dispersion-deep' on page 87 undefined on in
put line 4347.


LaTeX Warning: Reference `eqn-dispersion-deep' on page 87 undefined on input li
ne 4347.


LaTeX Warning: Hyper reference `eqn-bernoulli-unsteady-potential' on page 87 un
defined on input line 4359.


LaTeX Warning: Reference `eqn-bernoulli-unsteady-potential' on page 87 undefine
d on input line 4359.

************************************************
Exercises 5.5 Exercises
************************************************


[87]

Package tcolorbox Warning: Using nobreak failed. Try to enlarge `lines before b
reak' or set page breaks manually on input line 4405.



[88]

[89]

[90]
************************************************
Appendix A Solutions
************************************************
Appendix A.

LaTeX Warning: Hyper reference `eq-polarcartunitvectors-theta' on page 91 undef
ined on input line 4610.


LaTeX Warning: Reference `eq-polarcartunitvectors-theta' on page 91 undefined o
n input line 4610.



[91


]

[92]

LaTeX Warning: Hyper reference `rem-continuum' on page 93 undefined on input li
ne 4682.


LaTeX Warning: Reference `rem-continuum' on page 93 undefined on input line 468
2.



[93]

LaTeX Warning: Hyper reference `thm-mass' on page 94 undefined on input line 47
18.


LaTeX Warning: Reference `thm-mass' on page 94 undefined on input line 4718.


LaTeX Warning: Hyper reference `thm-momentum' on page 94 undefined on input lin
e 4718.


LaTeX Warning: Reference `thm-momentum' on page 94 undefined on input line 4718
.


LaTeX Warning: Hyper reference `def-euler' on page 94 undefined on input line 4
720.


LaTeX Warning: Reference `def-euler' on page 94 undefined on input line 4720.


LaTeX Warning: Hyper reference `def-incompressible' on page 94 undefined on inp
ut line 4720.


LaTeX Warning: Reference `def-incompressible' on page 94 undefined on input lin
e 4720.

File: external/ch-chapter03-pressure-contours.png Graphic file (type bmp)
<external/ch-chapter03-pressure-contours.png>


[94]

[95]

[96]
File: external/ex-potential-Q1b.png Graphic file (type bmp)
<external/ex-potential-Q1b.png>
File: external/ex-potential-Q1b02.png Graphic file (type bmp)
<external/ex-potential-Q1b02.png>
File: external/ex-potential-Q1c01.png Graphic file (type bmp)
<external/ex-potential-Q1c01.png>
File: external/ex-potential-Q1c02.png Graphic file (type bmp)
<external/ex-potential-Q1c02.png>
File: external/ex-potential-Q1d01.png Graphic file (type bmp)
<external/ex-potential-Q1d01.png>
File: external/ex-potential-Q1d02.png Graphic file (type bmp)
<external/ex-potential-Q1d02.png>


[97]

[98]

[99]

[100]

[101]

[102]

[103]

[104]
File: external/ex-potential-Q4.png Graphic file (type bmp)
<external/ex-potential-Q4.png>


[105]
File: external/ex-potential-Q5.png Graphic file (type bmp)
<external/ex-potential-Q5.png>


[106]
File: external/ex-potential-Q6.png Graphic file (type bmp)
<external/ex-potential-Q6.png>


[107]
File: external/potential_stag_2_inflow.png Graphic file (type bmp)
<external/potential_stag_2_inflow.png>
File: external/potential_stag_2_onbound.png Graphic file (type bmp)
<external/potential_stag_2_onbound.png>


[108]

[109]

[110]

LaTeX Warning: Hyper reference `eqn-conformal-wedge-map' on page 111 undefined 
on input line 5149.


LaTeX Warning: Reference `eqn-conformal-wedge-map' on page 111 undefined on inp
ut line 5149.


LaTeX Warning: Hyper reference `fig-conformal-wedge' on page 111 undefined on i
nput line 5149.


LaTeX Warning: Reference `fig-conformal-wedge' on page 111 undefined on input l
ine 5149.

File: external/ex-potential-Q10a.png Graphic file (type bmp)
<external/ex-potential-Q10a.png>
File: external/ex-potential-Q10b.png Graphic file (type bmp)
<external/ex-potential-Q10b.png>
File: external/ex-potential-Q10c.png Graphic file (type bmp)
<external/ex-potential-Q10c.png>


[111]

[112]

[113]

LaTeX Warning: Hyper reference `example-uniform-past-circle-with-vortex' on pag
e 114 undefined on input line 5168.


LaTeX Warning: Reference `example-uniform-past-circle-with-vortex' on page 114 
undefined on input line 5168.



[114]

[115]

LaTeX Warning: Hyper reference `thm-waterwaves-governing' on page 116 undefined
 on input line 5253.


LaTeX Warning: Reference `thm-waterwaves-governing' on page 116 undefined on in
put line 5253.



[116]

LaTeX Warning: Hyper reference `thm-bernoulli-unsteady-potential' on page 117 u
ndefined on input line 5350.


LaTeX Warning: Reference `thm-bernoulli-unsteady-potential' on page 117 undefin
ed on input line 5350.



[117]

[118]
************************************************
Appendix B Vector calculus
************************************************


[119]
Appendix B.
************************************************
Section B.1 Converting between different coordinate systems
************************************************
************************************************
Subsection B.1.1 Converting between Cartesian coordinates and cylindrical polar
 coordinates
************************************************
File: external/ch-backmatter-cylindrical.png Graphic file (type bmp)
<external/ch-backmatter-cylindrical.png>
File: external/ch-backmatter-cylindrical-planeview.png Graphic file (type bmp)
<external/ch-backmatter-cylindrical-planeview.png>


[120

]

LaTeX Warning: Hyper reference `eq-cartpol' on page 121 undefined on input line
 5528.


LaTeX Warning: Reference `eq-cartpol' on page 121 undefined on input line 5528.



LaTeX Warning: Hyper reference `eq-polcart' on page 121 undefined on input line
 5528.


LaTeX Warning: Reference `eq-polcart' on page 121 undefined on input line 5528.



LaTeX Warning: Hyper reference `eq-polarcartunitvectors-r' on page 121 undefine
d on input line 5550.


LaTeX Warning: Reference `eq-polarcartunitvectors-r' on page 121 undefined on i
nput line 5550.


LaTeX Warning: Hyper reference `eq-polarcartunitvectors-theta' on page 121 unde
fined on input line 5550.


LaTeX Warning: Reference `eq-polarcartunitvectors-theta' on page 121 undefined 
on input line 5550.


LaTeX Warning: Hyper reference `eq-polarcartunitvectors-z' on page 121 undefine
d on input line 5550.


LaTeX Warning: Reference `eq-polarcartunitvectors-z' on page 121 undefined on i
nput line 5550.


LaTeX Warning: Hyper reference `eq-cartpolarunitvectors' on page 121 undefined 
on input line 5550.


LaTeX Warning: Reference `eq-cartpolarunitvectors' on page 121 undefined on inp
ut line 5550.


LaTeX Warning: Hyper reference `eq-rcart' on page 121 undefined on input line 5
550.


LaTeX Warning: Reference `eq-rcart' on page 121 undefined on input line 5550.


LaTeX Warning: Hyper reference `eq-polcart' on page 121 undefined on input line
 5550.


LaTeX Warning: Reference `eq-polcart' on page 121 undefined on input line 5550.



LaTeX Warning: Hyper reference `eq-rpol' on page 121 undefined on input line 55
50.


LaTeX Warning: Reference `eq-rpol' on page 121 undefined on input line 5550.


LaTeX Warning: Hyper reference `eq-polcart' on page 121 undefined on input line
 5554.


LaTeX Warning: Reference `eq-polcart' on page 121 undefined on input line 5554.



LaTeX Warning: Hyper reference `eq-cartpol' on page 121 undefined on input line
 5554.


LaTeX Warning: Reference `eq-cartpol' on page 121 undefined on input line 5554.



LaTeX Warning: Hyper reference `eq-polcart' on page 121 undefined on input line
 5558.


LaTeX Warning: Reference `eq-polcart' on page 121 undefined on input line 5558.



LaTeX Warning: Hyper reference `eq-polarcartunitvectors-r' on page 121 undefine
d on input line 5576.


LaTeX Warning: Reference `eq-polarcartunitvectors-r' on page 121 undefined on i
nput line 5576.


LaTeX Warning: Hyper reference `eq-polarcartunitvectors-theta' on page 121 unde
fined on input line 5576.


LaTeX Warning: Reference `eq-polarcartunitvectors-theta' on page 121 undefined 
on input line 5576.


LaTeX Warning: Hyper reference `eq-polarcartunitvectors-z' on page 121 undefine
d on input line 5576.


LaTeX Warning: Reference `eq-polarcartunitvectors-z' on page 121 undefined on i
nput line 5576.


LaTeX Warning: Hyper reference `eq-upolar' on page 121 undefined on input line 
5576.


LaTeX Warning: Reference `eq-upolar' on page 121 undefined on input line 5576.


LaTeX Warning: Hyper reference `eq-cartpol' on page 121 undefined on input line
 5576.


LaTeX Warning: Reference `eq-cartpol' on page 121 undefined on input line 5576.



LaTeX Warning: Hyper reference `eq-cartpolarunitvectors' on page 121 undefined 
on input line 5576.


LaTeX Warning: Reference `eq-cartpolarunitvectors' on page 121 undefined on inp
ut line 5576.


LaTeX Warning: Hyper reference `eq-ucart' on page 121 undefined on input line 5
576.


LaTeX Warning: Reference `eq-ucart' on page 121 undefined on input line 5576.


LaTeX Warning: Hyper reference `eq-polcart' on page 121 undefined on input line
 5576.


LaTeX Warning: Reference `eq-polcart' on page 121 undefined on input line 5576.



LaTeX Warning: Hyper reference `eq-ucart' on page 121 undefined on input line 5
577.


LaTeX Warning: Reference `eq-ucart' on page 121 undefined on input line 5577.


LaTeX Warning: Hyper reference `eq-polarcartunitvectors-r' on page 121 undefine
d on input line 5577.


LaTeX Warning: Reference `eq-polarcartunitvectors-r' on page 121 undefined on i
nput line 5577.


LaTeX Warning: Hyper reference `eq-polarcartunitvectors-theta' on page 121 unde
fined on input line 5577.


LaTeX Warning: Reference `eq-polarcartunitvectors-theta' on page 121 undefined 
on input line 5577.


LaTeX Warning: Hyper reference `eq-polarcartunitvectors-z' on page 121 undefine
d on input line 5577.


LaTeX Warning: Reference `eq-polarcartunitvectors-z' on page 121 undefined on i
nput line 5577.


LaTeX Warning: Hyper reference `eq-upolar' on page 121 undefined on input line 
5583.


LaTeX Warning: Reference `eq-upolar' on page 121 undefined on input line 5583.


LaTeX Warning: Hyper reference `eq-polcart' on page 121 undefined on input line
 5595.


LaTeX Warning: Reference `eq-polcart' on page 121 undefined on input line 5595.



LaTeX Warning: Hyper reference `eq-cartpol' on page 121 undefined on input line
 5595.


LaTeX Warning: Reference `eq-cartpol' on page 121 undefined on input line 5595.



LaTeX Warning: Hyper reference `eq-polarcartunitvectors-r' on page 121 undefine
d on input line 5595.


LaTeX Warning: Reference `eq-polarcartunitvectors-r' on page 121 undefined on i
nput line 5595.


LaTeX Warning: Hyper reference `eq-polarcartunitvectors-theta' on page 121 unde
fined on input line 5595.


LaTeX Warning: Reference `eq-polarcartunitvectors-theta' on page 121 undefined 
on input line 5595.


LaTeX Warning: Hyper reference `eq-polarcartunitvectors-z' on page 121 undefine
d on input line 5595.


LaTeX Warning: Reference `eq-polarcartunitvectors-z' on page 121 undefined on i
nput line 5595.


LaTeX Warning: Hyper reference `eq-cartpolarunitvectors' on page 121 undefined 
on input line 5595.


LaTeX Warning: Reference `eq-cartpolarunitvectors' on page 121 undefined on inp
ut line 5595.

************************************************
Subsection B.1.2 Converting between Cartesian coordinates and plane polar coord
inates
************************************************


[121]

LaTeX Warning: Hyper reference `subsec-Cartesian-to-cylindrical-polar' on page 
122 undefined on input line 5604.


LaTeX Warning: Reference `subsec-Cartesian-to-cylindrical-polar' on page 122 un
defined on input line 5604.

************************************************
Subsection B.1.3 Converting between Cartesian coordinates and spherical polar c
oordinates
************************************************
File: external/ch-backmatter-spherical.png Graphic file (type bmp)
<external/ch-backmatter-spherical.png>

LaTeX Warning: Hyper reference `eq-rcart' on page 122 undefined on input line 5
621.


LaTeX Warning: Reference `eq-rcart' on page 122 undefined on input line 5621.



[122]

LaTeX Warning: Hyper reference `eq-sphcart' on page 123 undefined on input line
 5656.


LaTeX Warning: Reference `eq-sphcart' on page 123 undefined on input line 5656.



LaTeX Warning: Hyper reference `eq-cartsph-r' on page 123 undefined on input li
ne 5656.


LaTeX Warning: Reference `eq-cartsph-r' on page 123 undefined on input line 565
6.


LaTeX Warning: Hyper reference `eq-cartsph-theta' on page 123 undefined on inpu
t line 5656.


LaTeX Warning: Reference `eq-cartsph-theta' on page 123 undefined on input line
 5656.


LaTeX Warning: Hyper reference `eq-cartsph-z' on page 123 undefined on input li
ne 5656.


LaTeX Warning: Reference `eq-cartsph-z' on page 123 undefined on input line 565
6.


LaTeX Warning: Hyper reference `eq-sphpolarcartunitvectors-r' on page 123 undef
ined on input line 5669.


LaTeX Warning: Reference `eq-sphpolarcartunitvectors-r' on page 123 undefined o
n input line 5669.


LaTeX Warning: Hyper reference `eq-sphpolarcartunitvectors-theta' on page 123 u
ndefined on input line 5669.


LaTeX Warning: Reference `eq-sphpolarcartunitvectors-theta' on page 123 undefin
ed on input line 5669.


LaTeX Warning: Hyper reference `eq-sphpolarcartunitvectors-z' on page 123 undef
ined on input line 5669.


LaTeX Warning: Reference `eq-sphpolarcartunitvectors-z' on page 123 undefined o
n input line 5669.


LaTeX Warning: Hyper reference `eq-usph' on page 123 undefined on input line 56
69.


LaTeX Warning: Reference `eq-usph' on page 123 undefined on input line 5669.


LaTeX Warning: Hyper reference `eq-cartsph-r' on page 123 undefined on input li
ne 5669.


LaTeX Warning: Reference `eq-cartsph-r' on page 123 undefined on input line 566
9.


LaTeX Warning: Hyper reference `eq-cartsph-theta' on page 123 undefined on inpu
t line 5669.


LaTeX Warning: Reference `eq-cartsph-theta' on page 123 undefined on input line
 5669.


LaTeX Warning: Hyper reference `eq-cartsph-z' on page 123 undefined on input li
ne 5669.


LaTeX Warning: Reference `eq-cartsph-z' on page 123 undefined on input line 566
9.


LaTeX Warning: Hyper reference `eq-cartsphpolarunitvectors-i' on page 123 undef
ined on input line 5669.


LaTeX Warning: Reference `eq-cartsphpolarunitvectors-i' on page 123 undefined o
n input line 5669.


LaTeX Warning: Hyper reference `eq-cartsphpolarunitvectors-j' on page 123 undef
ined on input line 5669.


LaTeX Warning: Reference `eq-cartsphpolarunitvectors-j' on page 123 undefined o
n input line 5669.


LaTeX Warning: Hyper reference `eq-cartsphpolarunitvectors-k' on page 123 undef
ined on input line 5669.


LaTeX Warning: Reference `eq-cartsphpolarunitvectors-k' on page 123 undefined o
n input line 5669.


LaTeX Warning: Hyper reference `eq-ucart2' on page 123 undefined on input line 
5669.


LaTeX Warning: Reference `eq-ucart2' on page 123 undefined on input line 5669.


LaTeX Warning: Hyper reference `eq-sphcart' on page 123 undefined on input line
 5669.


LaTeX Warning: Reference `eq-sphcart' on page 123 undefined on input line 5669.



LaTeX Warning: Hyper reference `eq-usph' on page 123 undefined on input line 56
70.


LaTeX Warning: Reference `eq-usph' on page 123 undefined on input line 5670.


LaTeX Warning: Hyper reference `eq-sphpolarcartunitvectors-r' on page 123 undef
ined on input line 5670.


LaTeX Warning: Reference `eq-sphpolarcartunitvectors-r' on page 123 undefined o
n input line 5670.


LaTeX Warning: Hyper reference `eq-sphpolarcartunitvectors-theta' on page 123 u
ndefined on input line 5670.


LaTeX Warning: Reference `eq-sphpolarcartunitvectors-theta' on page 123 undefin
ed on input line 5670.


LaTeX Warning: Hyper reference `eq-sphpolarcartunitvectors-z' on page 123 undef
ined on input line 5670.


LaTeX Warning: Reference `eq-sphpolarcartunitvectors-z' on page 123 undefined o
n input line 5670.


LaTeX Warning: Hyper reference `eq-cartsphpolarunitvectors-i' on page 123 undef
ined on input line 5670.


LaTeX Warning: Reference `eq-cartsphpolarunitvectors-i' on page 123 undefined o
n input line 5670.


LaTeX Warning: Hyper reference `eq-cartsphpolarunitvectors-j' on page 123 undef
ined on input line 5670.


LaTeX Warning: Reference `eq-cartsphpolarunitvectors-j' on page 123 undefined o
n input line 5670.


LaTeX Warning: Hyper reference `eq-cartsphpolarunitvectors-k' on page 123 undef
ined on input line 5670.


LaTeX Warning: Reference `eq-cartsphpolarunitvectors-k' on page 123 undefined o
n input line 5670.


LaTeX Warning: Hyper reference `eq-ucart2' on page 123 undefined on input line 
5676.


LaTeX Warning: Reference `eq-ucart2' on page 123 undefined on input line 5676.


LaTeX Warning: Hyper reference `eq-sphpolarcartunitvectors-r' on page 123 undef
ined on input line 5676.


LaTeX Warning: Reference `eq-sphpolarcartunitvectors-r' on page 123 undefined o
n input line 5676.


LaTeX Warning: Hyper reference `eq-sphpolarcartunitvectors-theta' on page 123 u
ndefined on input line 5676.


LaTeX Warning: Reference `eq-sphpolarcartunitvectors-theta' on page 123 undefin
ed on input line 5676.


LaTeX Warning: Hyper reference `eq-sphpolarcartunitvectors-z' on page 123 undef
ined on input line 5676.


LaTeX Warning: Reference `eq-sphpolarcartunitvectors-z' on page 123 undefined o
n input line 5676.


LaTeX Warning: Hyper reference `eq-cartsph-r' on page 123 undefined on input li
ne 5688.


LaTeX Warning: Reference `eq-cartsph-r' on page 123 undefined on input line 568
8.


LaTeX Warning: Hyper reference `eq-cartsph-theta' on page 123 undefined on inpu
t line 5688.


LaTeX Warning: Reference `eq-cartsph-theta' on page 123 undefined on input line
 5688.


LaTeX Warning: Hyper reference `eq-cartsph-z' on page 123 undefined on input li
ne 5688.


LaTeX Warning: Reference `eq-cartsph-z' on page 123 undefined on input line 568
8.


LaTeX Warning: Hyper reference `eq-sphcart' on page 123 undefined on input line
 5688.


LaTeX Warning: Reference `eq-sphcart' on page 123 undefined on input line 5688.


************************************************
Subsection B.1.4 General conversion
************************************************


[123]
************************************************
Subsection B.1.5 Differential operators
************************************************
************************************************
Appendix C List of Symbols
************************************************


[124]
Appendix C.


[125

]
runsystem(makeindex main.idx)...executed safely (allowed).

 (./main.ind)
************************************************
References References and further reading
************************************************


[126




]

[127

] (./main.aux)
 ***********
LaTeX2e <2024-11-01> patch level 2
L3 programming layer <2025-01-18>
 ***********


LaTeX Warning: There were undefined references.


LaTeX Warning: Label(s) may have changed. Rerun to get cross-references right.


Package rerunfilecheck Warning: File `main.out' has changed.
(rerunfilecheck)                Rerun to get outlines right
(rerunfilecheck)                or use package `bookmark'.

Package rerunfilecheck Info: Checksums for `main.out':
(rerunfilecheck)             Before: 648D5B48340AAE3B136F2413866534C6;1952
(rerunfilecheck)             After:  68B557D22F4FB30D9D7D9533EE111D22;6428.
 ) 
Here is how much of TeX's memory you used:
 46900 strings out of 473840
 1149019 string characters out of 5729725
 1842331 words of memory out of 5000000
 69103 multiletter control sequences out of 15000+600000
 564543 words of font info for 81 fonts, out of 8000000 for 9000
 1348 hyphenation exceptions out of 8191
 98i,20n,101p,3645b,2045s stack positions out of 10000i,1000n,20000p,200000b,200000s

Output written on main.pdf (138 pages).
